"tax_year","pin","min_bldg_sf","max_bldg_sf","bldg_sf_ratio","num_sharing_pin"
"2019","19034090090000",1225,1226,1.0008,2
"2019","14333290130000",1222,1224,1.0016,2
"2019","12042110600000",1073,1075,1.0019,2
"2019","06183010170000",1397,1400,1.0021,2
"2019","14182140020000",2313,2320,1.003,2
"2019","24254180130000",963,966,1.0031,2
"2019","16264130110000",1286,1291,1.0039,2
"2019","17321060170000",1062,1067,1.0047,2
"2019","14053170260000",2891,2910,1.0066,2
"2019","13252170050000",699,704,1.0072,2
"2019","14074070070000",2690,2710,1.0074,2
"2019","13141240180000",1889,1904,1.0079,2
"2019","17193140350000",840,847,1.0083,2
"2019","26312020160000",1052,1062,1.0095,2
"2019","04274160230000",2024,2044,1.0099,2
"2019","29232010220000",1185,1197,1.0101,2
"2019","13334100050000",475,480,1.0105,2
"2019","28021060650000",918,928,1.0109,2
"2019","16043270110000",865,876,1.0127,2
"2019","13243100090000",1452,1471,1.0131,2
"2019","11184190120000",4073,4133,1.0147,2
"2019","18092090510000",1186,1204,1.0152,2
"2019","17044400210000",2068,2100,1.0155,2
"2019","13202140140000",650,661,1.0169,2
"2019","19034150300000",1010,1029,1.0188,2
"2019","32211010320000",704,718,1.0199,2
"2019","16284220060000",1260,1286,1.0206,2
"2019","12133010630000",741,757,1.0216,2
"2019","15264120060000",1402,1435,1.0235,2
"2019","24364230220000",1307,1338,1.0237,2
"2019","13132300090000",2520,2580,1.0238,2
"2019","25152130570000",1580,1618,1.0241,2
"2019","25162110120000",1152,1180,1.0243,2
"2019","17311110010000",1200,1230,1.025,2
"2019","20171130090000",600,615,1.025,2
"2019","16262120100000",600,616,1.0267,2
"2019","02272070230000",3087,3170,1.0269,2
"2019","31234030030000",1462,1502,1.0274,2
"2019","30201160080000",969,996,1.0279,2
"2019","13221090040000",1173,1206,1.0281,2
"2019","13223180120000",1540,1584,1.0286,2
"2019","28013060080000",840,864,1.0286,2
"2019","13362110160000",1566,1611,1.0287,2
"2019","16264070090000",1139,1172,1.029,2
"2019","10293060150000",659,679,1.0303,2
"2019","25271000020000",943,972,1.0308,2
"2019","21304120060000",930,959,1.0312,2
"2019","16244230110000",1280,1320,1.0313,2
"2019","14292070450000",1440,1485,1.0313,2
"2019","14201060220000",2055,2120,1.0316,2
"2019","06193090280000",484,500,1.0331,2
"2019","14194110020000",1143,1181,1.0332,2
"2019","17203010060000",1200,1240,1.0333,2
"2019","32143030060000",1200,1242,1.035,2
"2019","17194010210000",1520,1575,1.0362,2
"2019","28144090420000",2426,2519,1.0383,2
"2019","13351050100000",1181,1227,1.039,2
"2019","01211000180000",2840,2955,1.0405,2
"2019","14333230190000",1200,1250,1.0417,2
"2019","17194070090000",960,1000,1.0417,2
"2019","15341250200000",1135,1184,1.0432,2
"2019","15034570010000",1076,1123,1.0437,2
"2019","21302010180000",1294,1351,1.044,2
"2019","25223050140000",881,920,1.0443,2
"2019","17301230100000",882,924,1.0476,2
"2019","15133120160000",1092,1145,1.0485,2
"2019","25312070140000",1420,1489,1.0486,2
"2019","16262230020000",1464,1536,1.0492,2
"2019","19143220010000",801,841,1.0499,2
"2019","15034170110000",786,828,1.0534,2
"2019","25311110030000",915,964,1.0536,2
"2019","16244240250000",1512,1596,1.0556,2
"2019","17324060010000",843,890,1.0558,2
"2019","29052000160000",840,887,1.056,2
"2019","09204120050000",1181,1250,1.0584,2
"2019","16054050140000",616,652,1.0584,2
"2019","31042000420000",798,845,1.0589,2
"2019","32322030360000",644,682,1.059,2
"2019","26062080230000",1200,1271,1.0592,2
"2019","19124290380000",929,985,1.0603,2
"2019","13203230280000",966,1026,1.0621,2
"2019","04183000020000",2609,2775,1.0636,2
"2019","05291030630000",6535,6969,1.0664,2
"2019","15041170180000",720,768,1.0667,2
"2019","26171220340000",900,960,1.0667,2
"2019","18221070040000",763,814,1.0668,2
"2019","27081000120000",1587,1694,1.0674,2
"2019","03214010380000",1204,1288,1.0698,2
"2019","13173100150000",1728,1849,1.07,2
"2019","30083020160000",784,840,1.0714,2
"2019","25162110370000",1512,1620,1.0714,2
"2019","16364170390000",980,1050,1.0714,2
"2019","30083020150000",784,840,1.0714,2
"2019","01021000350000",3527,3782,1.0723,2
"2019","30083240250000",1291,1386,1.0736,2
"2019","30311200390000",1476,1587,1.0752,2
"2019","29111190330000",512,551,1.0762,2
"2019","29161000210000",659,710,1.0774,2
"2019","17193210350000",640,690,1.0781,2
"2019","13354020170000",1510,1628,1.0781,2
"2019","15093130530000",1235,1332,1.0785,2
"2019","15093130240000",1235,1332,1.0785,2
"2019","05341110130000",1742,1879,1.0786,2
"2019","16181250170000",825,892,1.0812,2
"2019","25294140070000",1274,1380,1.0832,2
"2019","18094000260000",1268,1375,1.0844,2
"2019","02321030580000",4056,4402,1.0853,2
"2019","11312210170000",1824,1980,1.0855,2
"2019","12263100070000",2540,2760,1.0866,2
"2019","04241000430000",7799,8480,1.0873,2
"2019","11191040250000",1790,1947,1.0877,2
"2019","24354130170000",882,960,1.0884,2
"2019","28233050280000",1378,1500,1.0885,2
"2019","04014000600000",3748,4080,1.0886,2
"2019","13303040090000",799,870,1.0889,2
"2019","16251270180000",955,1040,1.089,2
"2019","17331120090000",1228,1338,1.0896,2
"2019","13093140330000",880,960,1.0909,2
"2019","28281020050000",803,876,1.0909,2
"2019","19122050300000",998,1089,1.0912,2
"2019","19012230030000",1012,1105,1.0919,2
"2019","30321130350000",1040,1137,1.0933,2
"2019","23353000050000",1040,1137,1.0933,2
"2019","20084060050000",1220,1334,1.0934,2
"2019","12242240030000",672,735,1.0938,2
"2019","14064100530000",1289,1410,1.0939,2
"2019","13364180150000",747,818,1.095,2
"2019","15134270430000",743,814,1.0956,2
"2019","14294020190000",1608,1764,1.097,2
"2019","25023100330000",917,1006,1.0971,2
"2019","25023100320000",917,1006,1.0971,2
"2019","30083020260000",802,882,1.0998,2
"2019","30201160410000",969,1069,1.1032,2
"2019","17064260320000",1380,1524,1.1043,2
"2019","14201240250000",1554,1718,1.1055,2
"2019","29314010520000",972,1077,1.108,2
"2019","14322230270000",1591,1765,1.1094,2
"2019","17193080120000",720,800,1.1111,2
"2019","14314200350000",820,912,1.1122,2
"2019","11191220130000",1344,1496,1.1131,2
"2019","25021030220000",1344,1496,1.1131,2
"2019","21312120260000",1122,1250,1.1141,2
"2019","29084050140000",610,680,1.1148,2
"2019","26062150030000",940,1048,1.1149,2
"2019","29082200120000",860,960,1.1163,2
"2019","13233110170000",1760,1968,1.1182,2
"2019","19142030030000",676,756,1.1183,2
"2019","19142030040000",676,756,1.1183,2
"2019","16192130350000",929,1040,1.1195,2
"2019","16063200360000",767,859,1.1199,2
"2019","19122180200000",907,1016,1.1202,2
"2019","14193040220000",747,840,1.1245,2
"2019","26061290410000",1081,1216,1.1249,2
"2019","28103080120000",800,900,1.125,2
"2019","24081140160000",663,746,1.1252,2
"2019","29052010330000",714,805,1.1275,2
"2019","22291150160000",766,864,1.1279,2
"2019","13291270440000",720,814,1.1306,2
"2019","29182140060000",780,882,1.1308,2
"2019","30083080300000",1031,1166,1.1309,2
"2019","10201130510000",832,942,1.1322,2
"2019","17333240170000",653,740,1.1332,2
"2019","20064020300000",600,680,1.1333,2
"2019","25202000210000",500,567,1.134,2
"2019","19084150220000",1221,1386,1.1351,2
"2019","26053060040000",1253,1424,1.1365,2
"2019","16284170030000",615,700,1.1382,2
"2019","25023030050000",1197,1364,1.1395,2
"2019","14324120550000",1408,1606,1.1406,2
"2019","25312070380000",1408,1607,1.1413,2
"2019","25312070390000",1408,1607,1.1413,2
"2019","15101180060000",860,982,1.1419,2
"2019","20111080020000",1155,1320,1.1429,2
"2019","17283120460000",875,1000,1.1429,2
"2019","30182270190000",769,880,1.1443,2
"2019","16251010380000",1364,1562,1.1452,2
"2019","11191170210000",890,1020,1.1461,2
"2019","16312270160000",873,1001,1.1466,2
"2019","16312270150000",873,1001,1.1466,2
"2019","09161050010000",600,689,1.1483,2
"2019","20193320150000",980,1126,1.149,2
"2019","17194150040000",800,920,1.15,2
"2019","19202110180000",880,1012,1.15,2
"2019","32274030040000",2138,2459,1.1501,2
"2019","26321110330000",625,720,1.152,2
"2019","20363220300000",960,1107,1.1531,2
"2019","16284070310000",1566,1806,1.1533,2
"2019","17314270090000",520,600,1.1538,2
"2019","13243110250000",1012,1168,1.1542,2
"2019","29034020120000",1473,1701,1.1548,2
"2019","09281030170000",900,1040,1.1556,2
"2019","17321040390000",1036,1200,1.1583,2
"2019","19241170370000",1640,1900,1.1585,2
"2019","22204280020000",927,1074,1.1586,2
"2019","17283150220000",966,1120,1.1594,2
"2019","10132210060000",1200,1392,1.16,2
"2019","15033150190000",1211,1405,1.1602,2
"2019","28122150150000",720,836,1.1611,2
"2019","25092050130000",869,1010,1.1623,2
"2019","25211150160000",704,819,1.1634,2
"2019","15352040370000",1200,1398,1.165,2
"2019","03073020040000",768,896,1.1667,2
"2019","25103230050000",600,700,1.1667,2
"2019","28134150140000",941,1100,1.169,2
"2019","16262050090000",1260,1474,1.1698,2
"2019","17063130340000",1600,1874,1.1712,2
"2019","09202180210000",1224,1436,1.1732,2
"2019","25223130050000",600,704,1.1733,2
"2019","13093060290000",600,704,1.1733,2
"2019","17312140090000",1142,1340,1.1734,2
"2019","18134160170000",1267,1487,1.1736,2
"2019","10242110020000",1417,1664,1.1743,2
"2019","28134130230000",781,918,1.1754,2
"2019","14302110070000",1380,1623,1.1761,2
"2019","16054140250000",1092,1285,1.1767,2
"2019","19013050350000",1261,1484,1.1768,2
"2019","13351240010000",1625,1913,1.1772,2
"2019","25222090540000",1248,1470,1.1779,2
"2019","01032000260000",6195,7301,1.1785,2
"2019","25313110060000",704,830,1.179,2
"2019","11191010190000",1398,1649,1.1795,2
"2019","05343080340000",1118,1319,1.1798,2
"2019","12243280230000",670,792,1.1821,2
"2019","29161040250000",532,629,1.1823,2
"2019","20301180110000",778,920,1.1825,2
"2019","10313170080000",1322,1564,1.1831,2
"2019","12023000010000",1014,1200,1.1834,2
"2019","32203000160000",867,1026,1.1834,2
"2019","27183000020000",1225,1454,1.1869,2
"2019","25124430230000",1050,1247,1.1876,2
"2019","16351040450000",740,879,1.1878,2
"2019","23271020090000",800,951,1.1888,2
"2019","02184010100000",720,856,1.1889,2
"2019","16012190370000",538,640,1.1896,2
"2019","32281040140000",829,987,1.1906,2
"2019","17194160210000",1121,1339,1.1945,2
"2019","21313050050000",1038,1240,1.1946,2
"2019","29073140610000",713,852,1.195,2
"2019","01052000060000",1698,2030,1.1955,2
"2019","26071650110000",736,880,1.1957,2
"2019","18094020050000",644,770,1.1957,2
"2019","18094020060000",644,770,1.1957,2
"2019","25303080010000",986,1179,1.1957,2
"2019","13241060350000",729,873,1.1975,2
"2019","13173150170000",1042,1248,1.1977,2
"2019","17283030270000",696,834,1.1983,2
"2019","16063170040000",816,978,1.1985,2
"2019","25322140180000",1073,1286,1.1985,2
"2019","12012160260000",855,1025,1.1988,2
"2019","07222010100000",2977,3571,1.1995,2
"2019","10242230050000",1452,1742,1.1997,2
"2019","32102000110000",1321,1585,1.1998,2
"2019","19124140370000",1260,1512,1.2,2
"2019","24361020040000",1000,1200,1.2,2
"2019","19301010420000",1200,1440,1.2,2
"2019","13362130250000",900,1080,1.2,2
"2019","28011060090000",677,814,1.2024,2
"2019","28011060100000",677,814,1.2024,2
"2019","10252050280000",1406,1691,1.2027,2
"2019","32082070030000",736,888,1.2065,2
"2019","15041030330000",1055,1273,1.2066,2
"2019","29151030020000",626,756,1.2077,2
"2019","11071200390000",1412,1706,1.2082,2
"2019","17193080460000",1071,1296,1.2101,2
"2019","10134140110000",1692,2048,1.2104,2
"2019","20213050280000",2119,2566,1.2109,2
"2019","09202170180000",825,1000,1.2121,2
"2019","17194190100000",660,800,1.2121,2
"2019","20042170880000",1012,1228,1.2134,2
"2019","13283170100000",1595,1936,1.2138,2
"2019","17062040020000",1463,1778,1.2153,2
"2019","25313510030000",1008,1225,1.2153,2
"2019","24254140270000",868,1056,1.2166,2
"2019","25152181310000",874,1065,1.2185,2
"2019","15343020050000",1145,1396,1.2192,2
"2019","29073130400000",806,983,1.2196,2
"2019","29073130500000",806,983,1.2196,2
"2019","03362000240000",1000,1220,1.22,2
"2019","17283120160000",720,880,1.2222,2
"2019","18041120080000",621,759,1.2222,2
"2019","18041120090000",621,759,1.2222,2
"2019","17193150050000",589,720,1.2224,2
"2019","25303100070000",1488,1820,1.2231,2
"2019","10124090050000",1248,1528,1.2244,2
"2019","20364080010000",980,1200,1.2245,2
"2019","20072170330000",2520,3092,1.227,2
"2019","29071330560000",936,1150,1.2286,2
"2019","28022040070000",840,1032,1.2286,2
"2019","25313540070000",917,1127,1.229,2
"2019","29094180340000",729,896,1.2291,2
"2019","01054010030000",3076,3782,1.2295,2
"2019","13201260290000",891,1098,1.2323,2
"2019","17061120440000",1734,2142,1.2353,2
"2019","16244240020000",714,882,1.2353,2
"2019","05063130380000",2048,2534,1.2373,2
"2019","29174140320000",640,792,1.2375,2
"2019","17333240260000",560,693,1.2375,2
"2019","19182140340000",1112,1378,1.2392,2
"2019","16201080210000",796,987,1.2399,2
"2019","14051220170000",1470,1824,1.2408,2
"2019","29174190170000",612,760,1.2418,2
"2019","14334130420000",1708,2121,1.2418,2
"2019","29061090240000",948,1180,1.2447,2
"2019","15154230240000",946,1178,1.2452,2
"2019","30172130130000",1450,1806,1.2455,2
"2019","18021010110000",960,1197,1.2469,2
"2019","17063070390000",1700,2121,1.2476,2
"2019","09333080220000",1100,1375,1.25,2
"2019","17193080240000",1500,1875,1.25,2
"2019","19061240270000",734,919,1.252,2
"2019","22273020420000",872,1092,1.2523,2
"2019","02164110100000",1097,1374,1.2525,2
"2019","10183240300000",640,803,1.2547,2
"2019","18011100070000",770,968,1.2571,2
"2019","13084210470000",1788,2249,1.2578,2
"2019","28023150080000",476,600,1.2605,2
"2019","16364010010000",1559,1968,1.2623,2
"2019","16173170200000",868,1096,1.2627,2
"2019","19181130400000",811,1025,1.2639,2
"2019","19013290170000",792,1002,1.2652,2
"2019","10134150090000",820,1038,1.2659,2
"2019","30184020110000",823,1042,1.2661,2
"2019","32341070080000",1594,2019,1.2666,2
"2019","25184150410000",878,1114,1.2688,2
"2019","14192080090000",792,1005,1.2689,2
"2019","12164100330000",732,929,1.2691,2
"2019","30171080380000",630,800,1.2698,2
"2019","24254080190000",1302,1656,1.2719,2
"2019","29163120170000",1170,1494,1.2769,2
"2019","10201030350000",1038,1328,1.2794,2
"2019","14073110080000",1738,2225,1.2802,2
"2019","11183260030000",4281,5481,1.2803,2
"2019","16023130390000",1212,1554,1.2822,2
"2019","17194170160000",1055,1353,1.2825,2
"2019","11193160190000",1665,2137,1.2835,2
"2019","15333190010000",3270,4198,1.2838,2
"2019","29223020090000",623,800,1.2841,2
"2019","19091300380000",756,971,1.2844,2
"2019","25281250160000",718,924,1.2869,2
"2019","14074210250000",800,1030,1.2875,2
"2019","16293190380000",660,852,1.2909,2
"2019","20184280400000",1100,1420,1.2909,2
"2019","13364300140000",1786,2306,1.2912,2
"2019","20261160360000",576,744,1.2917,2
"2019","29182140360000",588,760,1.2925,2
"2019","17301110330000",600,777,1.295,2
"2019","19143000310000",880,1140,1.2955,2
"2019","14324030250000",1461,1895,1.2971,2
"2019","29042140470000",851,1104,1.2973,2
"2019","01011240390000",810,1051,1.2975,2
"2019","28132030020000",1456,1890,1.2981,2
"2019","26314040260000",616,800,1.2987,2
"2019","16021030020000",1722,2238,1.2997,2
"2019","19181230650000",922,1200,1.3015,2
"2019","30084050030000",1179,1536,1.3028,2
"2019","26062030320000",960,1252,1.3042,2
"2019","21313300180000",998,1302,1.3046,2
"2019","14334060260000",1324,1729,1.3059,2
"2019","17193160230000",680,888,1.3059,2
"2019","30184030390000",640,836,1.3063,2
"2019","30171130160000",756,989,1.3082,2
"2019","26323070150000",625,818,1.3088,2
"2019","13331060090000",1627,2130,1.3092,2
"2019","14292240090000",1220,1600,1.3115,2
"2019","16264170090000",672,882,1.3125,2
"2019","29172070010000",576,756,1.3125,2
"2019","22203190070000",1080,1420,1.3148,2
"2019","32242000010000",400,526,1.315,2
"2019","29093040560000",777,1024,1.3179,2
"2019","14194210270000",1768,2332,1.319,2
"2019","20202170100000",630,832,1.3206,2
"2019","22322000210000",792,1046,1.3207,2
"2019","01353000010000",1260,1667,1.323,2
"2019","20072110430000",1360,1800,1.3235,2
"2019","10242160170000",1584,2104,1.3283,2
"2019","29072150080000",662,880,1.3293,2
"2019","28312010270000",951,1266,1.3312,2
"2019","29174110200000",821,1094,1.3325,2
"2019","18321040220000",1296,1727,1.3326,2
"2019","12121230260000",624,832,1.3333,2
"2019","17061170050000",960,1280,1.3333,2
"2019","13081090080000",660,880,1.3333,2
"2019","14183010210000",792,1056,1.3333,2
"2019","11184210020000",1835,2447,1.3335,2
"2019","13343150150000",884,1179,1.3337,2
"2019","25301240140000",788,1051,1.3338,2
"2019","05271070090000",520,694,1.3346,2
"2019","05204130020000",5210,6974,1.3386,2
"2019","14201020050000",1104,1478,1.3388,2
"2019","17294010410000",697,934,1.34,2
"2019","14183040140000",1373,1840,1.3401,2
"2019","17314270140000",640,858,1.3406,2
"2019","13303200170000",840,1127,1.3417,2
"2019","20082030250000",1377,1848,1.342,2
"2019","15364140240000",924,1240,1.342,2
"2019","25214210170000",812,1090,1.3424,2
"2019","26083210420000",1333,1790,1.3428,2
"2019","05074060190000",700,940,1.3429,2
"2019","05074060200000",700,940,1.3429,2
"2019","25223130030000",688,924,1.343,2
"2019","17194220090000",800,1075,1.3438,2
"2019","20094090060000",684,920,1.345,2
"2019","17072070290000",1176,1584,1.3469,2
"2019","13321220440000",801,1081,1.3496,2
"2019","16064140050000",4721,6373,1.3499,2
"2019","15122020110000",800,1080,1.35,2
"2019","32333260160000",761,1028,1.3509,2
"2019","32281060410000",641,866,1.351,2
"2019","28144310290000",1190,1608,1.3513,2
"2019","17314000110000",592,800,1.3514,2
"2019","20294090110000",848,1146,1.3514,2
"2019","17294110230000",651,880,1.3518,2
"2019","19123110280000",807,1091,1.3519,2
"2019","15033530010000",1056,1428,1.3523,2
"2019","32292050190000",748,1012,1.3529,2
"2019","19244100360000",1244,1683,1.3529,2
"2019","13214170190000",768,1040,1.3542,2
"2019","15033040160000",572,775,1.3549,2
"2019","22322030170000",945,1281,1.3556,2
"2019","06334030310000",1805,2448,1.3562,2
"2019","25313550030000",1364,1850,1.3563,2
"2019","23052010530000",804,1092,1.3582,2
"2019","15042050070000",502,682,1.3586,2
"2019","14304070160000",1254,1704,1.3589,2
"2019","11192090020000",3279,4459,1.3599,2
"2019","14333140460000",1292,1758,1.3607,2
"2019","14072180040000",833,1134,1.3613,2
"2019","30081140060000",748,1020,1.3636,2
"2019","17322060040000",660,900,1.3636,2
"2019","17311130320000",620,846,1.3645,2
"2019","13334160710000",1231,1680,1.3647,2
"2019","14053160070000",1260,1722,1.3667,2
"2019","19093120120000",858,1173,1.3671,2
"2019","17294260030000",1099,1503,1.3676,2
"2019","19084160610000",1507,2065,1.3703,2
"2019","17284130080000",1360,1864,1.3706,2
"2019","17333140010000",932,1278,1.3712,2
"2019","24112090090000",850,1167,1.3729,2
"2019","20203300210000",576,791,1.3733,2
"2019","18132020550000",629,864,1.3736,2
"2019","28122240350000",792,1089,1.375,2
"2019","25023130180000",712,980,1.3764,2
"2019","13332100220000",1000,1380,1.38,2
"2019","29341050060000",400,552,1.38,2
"2019","21304050090000",2604,3598,1.3817,2
"2019","32282190100000",764,1056,1.3822,2
"2019","25283040070000",2180,3020,1.3853,2
"2019","26312100380000",476,660,1.3866,2
"2019","17294120300000",742,1029,1.3868,2
"2019","12244000330000",400,555,1.3875,2
"2019","05354000130000",4185,5822,1.3912,2
"2019","25171000220000",1248,1738,1.3926,2
"2019","17194120200000",1176,1638,1.3929,2
"2019","13321180360000",576,804,1.3958,2
"2019","29033100080000",1258,1756,1.3959,2
"2019","16274160460000",1100,1536,1.3964,2
"2019","17311150160000",630,880,1.3968,2
"2019","15124360080000",1045,1462,1.399,2
"2019","17321100240000",643,900,1.3997,2
"2019","28122140180000",600,840,1.4,2
"2019","20184280310000",938,1315,1.4019,2
"2019","15101000560000",588,825,1.4031,2
"2019","06083000350000",1945,2730,1.4036,2
"2019","10123030210000",1280,1800,1.4063,2
"2019","11183230050000",2272,3199,1.408,2
"2019","13312130150000",576,812,1.4097,2
"2019","20203250180000",1536,2166,1.4102,2
"2019","13243180110000",714,1008,1.4118,2
"2019","16084200280000",1184,1674,1.4139,2
"2019","10114190130000",832,1177,1.4147,2
"2019","30191000350000",599,848,1.4157,2
"2019","13094050350000",640,907,1.4172,2
"2019","20292220070000",1300,1843,1.4177,2
"2019","18221070220000",582,826,1.4192,2
"2019","25223050220000",651,924,1.4194,2
"2019","26053070290000",1028,1460,1.4202,2
"2019","30062080010000",540,767,1.4204,2
"2019","29171080280000",480,682,1.4208,2
"2019","14333290100000",1210,1720,1.4215,2
"2019","12232100140000",524,746,1.4237,2
"2019","14181070100000",1533,2183,1.424,2
"2019","01261030010000",1826,2602,1.425,2
"2019","32281140250000",924,1320,1.4286,2
"2019","25151090100000",644,920,1.4286,2
"2019","26061310240000",763,1091,1.4299,2
"2019","13223100120000",1106,1582,1.4304,2
"2019","28011030470000",520,744,1.4308,2
"2019","24052240430000",872,1248,1.4312,2
"2019","25214150410000",1039,1489,1.4331,2
"2019","14204170050000",1348,1932,1.4332,2
"2019","16122090240000",888,1274,1.4347,2
"2019","14181190040000",897,1287,1.4348,2
"2019","33203010110000",1440,2067,1.4354,2
"2019","22331010110000",1664,2390,1.4363,2
"2019","14333240240000",1608,2310,1.4366,2
"2019","20081230020000",1440,2070,1.4375,2
"2019","29301310180000",520,748,1.4385,2
"2019","13291240110000",654,941,1.4388,2
"2019","17072160300000",560,806,1.4393,2
"2019","25212260250000",528,760,1.4394,2
"2019","25271310080000",572,824,1.4406,2
"2019","09071010740000",720,1038,1.4417,2
"2019","25201130480000",604,871,1.4421,2
"2019","21304130130000",2133,3078,1.443,2
"2019","17314160210000",2758,3981,1.4434,2
"2019","09211050120000",1375,1990,1.4473,2
"2019","05334060050000",804,1165,1.449,2
"2019","12134140110000",576,835,1.4497,2
"2019","29094180230000",593,860,1.4503,2
"2019","10242090280000",792,1153,1.4558,2
"2019","29131020270000",902,1315,1.4579,2
"2019","29183040090000",784,1144,1.4592,2
"2019","17322230030000",575,840,1.4609,2
"2019","25304060230000",720,1052,1.4611,2
"2019","13321220080000",801,1171,1.4619,2
"2019","19301070180000",480,702,1.4625,2
"2019","29181170310000",641,938,1.4633,2
"2019","32282080170000",480,704,1.4667,2
"2019","30173160210000",720,1056,1.4667,2
"2019","28233010420000",804,1180,1.4677,2
"2019","20114200330000",1470,2158,1.468,2
"2019","23274120070000",1277,1876,1.4691,2
"2019","04211000340000",1150,1693,1.4722,2
"2019","20064130380000",748,1102,1.4733,2
"2019","17063310110000",1152,1700,1.4757,2
"2019","16192100070000",760,1122,1.4763,2
"2019","13362160180000",780,1152,1.4769,2
"2019","15133150050000",700,1035,1.4786,2
"2019","29071060120000",800,1184,1.48,2
"2019","12212050440000",500,740,1.48,2
"2019","28122100420000",770,1140,1.4805,2
"2019","13321170320000",972,1440,1.4815,2
"2019","01104010100000",1995,2957,1.4822,2
"2019","15124350020000",682,1011,1.4824,2
"2019","25223160030000",744,1104,1.4839,2
"2019","19123130300000",685,1017,1.4847,2
"2019","28022080030000",940,1396,1.4851,2
"2019","12244190120000",841,1250,1.4863,2
"2019","23352080270000",2013,2992,1.4863,2
"2019","28284090150000",999,1485,1.4865,2
"2019","31314000040000",1338,1990,1.4873,2
"2019","26173230020000",960,1428,1.4875,2
"2019","26173230030000",960,1428,1.4875,2
"2019","12252020160000",721,1073,1.4882,2
"2019","29101040200000",672,1004,1.494,2
"2019","16014180180000",1070,1600,1.4953,2
"2019","21314200250000",698,1044,1.4957,2
"2019","19132230240000",702,1052,1.4986,2
"2019","30083160220000",704,1056,1.5,2
"2019","20294240390000",2400,3600,1.5,2
"2019","12243190320000",540,810,1.5,2
"2019","30083160140000",560,840,1.5,2
"2019","20201120430000",440,660,1.5,2
"2019","17324060020000",840,1260,1.5,2
"2019","17301110520000",700,1050,1.5,2
"2019","25214060310000",532,798,1.5,2
"2019","15352040390000",1092,1640,1.5018,2
"2019","24143170150000",600,902,1.5033,2
"2019","15304000130000",1560,2347,1.5045,2
"2019","18094010550000",552,831,1.5054,2
"2019","12242010590000",1250,1884,1.5072,2
"2019","10244030200000",1152,1739,1.5095,2
"2019","19114090320000",500,755,1.51,2
"2019","20174220230000",1188,1795,1.5109,2
"2019","30172050450000",998,1511,1.514,2
"2019","14311340270000",1710,2591,1.5152,2
"2019","19113270890000",762,1155,1.5157,2
"2019","26323030220000",551,836,1.5172,2
"2019","14203170090000",1872,2841,1.5176,2
"2019","13173040310000",593,903,1.5228,2
"2019","29173200290000",1241,1895,1.527,2
"2019","29323090260000",664,1014,1.5271,2
"2019","02212030170000",1752,2676,1.5274,2
"2019","24363040340000",720,1100,1.5278,2
"2019","28023170010000",700,1074,1.5343,2
"2019","12242180140000",537,824,1.5345,2
"2019","24362080220000",948,1458,1.538,2
"2019","15033020020000",672,1034,1.5387,2
"2019","24252210110000",400,616,1.54,2
"2019","14301010060000",600,924,1.54,2
"2019","24052170170000",727,1120,1.5406,2
"2019","24052170160000",727,1120,1.5406,2
"2019","21313110390000",680,1048,1.5412,2
"2019","16251160480000",1428,2205,1.5441,2
"2019","25041200540000",506,782,1.5455,2
"2019","17283100140000",714,1104,1.5462,2
"2019","14062160120000",1384,2146,1.5506,2
"2019","05344130030000",916,1422,1.5524,2
"2019","18334080060000",816,1268,1.5539,2
"2019","26321110430000",500,777,1.554,2
"2019","15124220110000",1251,1944,1.554,2
"2019","32062020190000",1333,2072,1.5544,2
"2019","28122240330000",746,1160,1.555,2
"2019","18274030020000",672,1045,1.5551,2
"2019","16054140190000",1057,1644,1.5553,2
"2019","25103230130000",437,680,1.5561,2
"2019","20074220270000",987,1536,1.5562,2
"2019","13081220130000",1126,1756,1.5595,2
"2019","14292200040000",1180,1841,1.5602,2
"2019","24362080070000",1092,1704,1.5604,2
"2019","19182110430000",648,1014,1.5648,2
"2019","30083270070000",760,1190,1.5658,2
"2019","33183040020000",1560,2447,1.5686,2
"2019","29074180320000",762,1196,1.5696,2
"2019","29083150430000",448,704,1.5714,2
"2019","29201030210000",450,708,1.5733,2
"2019","15132070220000",884,1391,1.5735,2
"2019","32213200270000",630,992,1.5746,2
"2019","16161210020000",1248,1968,1.5769,2
"2019","17311190250000",830,1310,1.5783,2
"2019","19293140140000",551,870,1.5789,2
"2019","19293140130000",551,870,1.5789,2
"2019","10121080060000",1155,1824,1.5792,2
"2019","01021000390000",1036,1636,1.5792,2
"2019","24241080180000",561,886,1.5793,2
"2019","25023170230000",936,1479,1.5801,2
"2019","25212050360000",931,1473,1.5822,2
"2019","14313020350000",1172,1855,1.5828,2
"2019","21314070330000",965,1531,1.5865,2
"2019","25312010080000",638,1013,1.5878,2
"2019","26323000160000",554,880,1.5884,2
"2019","21314270390000",660,1050,1.5909,2
"2019","30083160210000",528,840,1.5909,2
"2019","18251010090000",959,1528,1.5933,2
"2019","19314020260000",714,1140,1.5966,2
"2019","28122070590000",662,1057,1.5967,2
"2019","25282050180000",726,1160,1.5978,2
"2019","19083120710000",1206,1928,1.5987,2
"2019","12254320120000",504,806,1.5992,2
"2019","19153140450000",899,1438,1.5996,2
"2019","15033120160000",648,1037,1.6003,2
"2019","30172070460000",626,1003,1.6022,2
"2019","33192040070000",933,1496,1.6034,2
"2019","19083110390000",648,1039,1.6034,2
"2019","28021060430000",896,1440,1.6071,2
"2019","20201140430000",672,1080,1.6071,2
"2019","25303040130000",979,1574,1.6078,2
"2019","32281050220000",816,1312,1.6078,2
"2019","20083180110000",960,1544,1.6083,2
"2019","32281160200000",560,901,1.6089,2
"2019","12234180490000",590,950,1.6102,2
"2019","32294070490000",698,1125,1.6117,2
"2019","17301020230000",682,1100,1.6129,2
"2019","19124160170000",702,1134,1.6154,2
"2019","20084110070000",792,1280,1.6162,2
"2019","24052280230000",654,1057,1.6162,2
"2019","24052280240000",654,1057,1.6162,2
"2019","13194310110000",920,1487,1.6163,2
"2019","26062010420000",506,819,1.6186,2
"2019","15121010060000",827,1340,1.6203,2
"2019","20071260360000",506,820,1.6206,2
"2019","19141100330000",740,1200,1.6216,2
"2019","26314010520000",792,1287,1.625,2
"2019","04251010340000",625,1017,1.6272,2
"2019","18333190340000",572,931,1.6276,2
"2019","13301190280000",529,862,1.6295,2
"2019","20082170180000",978,1594,1.6299,2
"2019","26062080040000",760,1240,1.6316,2
"2019","32324230010000",624,1020,1.6346,2
"2019","17322230020000",575,940,1.6348,2
"2019","26312240040000",734,1200,1.6349,2
"2019","12013230150000",599,980,1.6361,2
"2019","14074130090000",756,1237,1.6362,2
"2019","28021010030000",660,1080,1.6364,2
"2019","28021010040000",660,1080,1.6364,2
"2019","15354190300000",1509,2473,1.6388,2
"2019","14333140440000",1230,2016,1.639,2
"2019","15102310400000",600,984,1.64,2
"2019","20064010060000",780,1280,1.641,2
"2019","15033070070000",624,1025,1.6426,2
"2019","17181150170000",1125,1848,1.6427,2
"2019","13321150140000",575,945,1.6435,2
"2019","03293450120000",1180,1940,1.6441,2
"2019","14314260050000",888,1462,1.6464,2
"2019","05343240140000",973,1603,1.6475,2
"2019","15124200070000",492,811,1.6484,2
"2019","24092100460000",849,1400,1.649,2
"2019","29173110290000",528,872,1.6515,2
"2019","26081150190000",572,945,1.6521,2
"2019","16073160470000",910,1504,1.6527,2
"2019","17282090140000",484,800,1.6529,2
"2019","29033020140000",877,1450,1.6534,2
"2019","26312200440000",580,960,1.6552,2
"2019","17194070020000",1250,2070,1.656,2
"2019","18021010120000",960,1590,1.6563,2
"2019","20274130230000",571,946,1.6567,2
"2019","25164030070000",588,976,1.6599,2
"2019","17064130330000",1496,2484,1.6604,2
"2019","18221050180000",650,1080,1.6615,2
"2019","18134060050000",910,1512,1.6615,2
"2019","29074090360000",622,1034,1.6624,2
"2019","17294010420000",1146,1906,1.6632,2
"2019","19091310170000",571,951,1.6655,2
"2019","13281130150000",650,1083,1.6662,2
"2019","20072080220000",432,720,1.6667,2
"2019","18221090080000",576,960,1.6667,2
"2019","26312270150000",630,1050,1.6667,2
"2019","20263160230000",528,880,1.6667,2
"2019","25334120010000",856,1427,1.6671,2
"2019","29141560350000",873,1456,1.6678,2
"2019","26064140040000",840,1401,1.6679,2
"2019","25013200210000",1271,2120,1.668,2
"2019","21314100480000",756,1263,1.6706,2
"2019","13043080050000",1080,1807,1.6731,2
"2019","17183050050000",1276,2137,1.6748,2
"2019","16263300210000",1215,2036,1.6757,2
"2019","28122270850000",768,1290,1.6797,2
"2019","30083040310000",576,968,1.6806,2
"2019","13053210340000",520,874,1.6808,2
"2019","17193170120000",440,740,1.6818,2
"2019","12243250100000",554,932,1.6823,2
"2019","29174160310000",792,1333,1.6831,2
"2019","16231140310000",798,1344,1.6842,2
"2019","24142170130000",1113,1876,1.6855,2
"2019","25212100090000",704,1189,1.6889,2
"2019","21313020120000",740,1251,1.6905,2
"2019","20192090250000",770,1304,1.6935,2
"2019","13203040360000",696,1179,1.694,2
"2019","29293040130000",1100,1865,1.6955,2
"2019","16012170080000",779,1321,1.6958,2
"2019","17283220240000",625,1060,1.696,2
"2019","26314050220000",600,1018,1.6967,2
"2019","16272010730000",1103,1872,1.6972,2
"2019","13322090120000",600,1020,1.7,2
"2019","28132040090000",400,680,1.7,2
"2019","26053070070000",880,1496,1.7,2
"2019","29161200630000",700,1190,1.7,2
"2019","27174000070000",2195,3735,1.7016,2
"2019","15134020310000",886,1508,1.702,2
"2019","17213180160000",533,908,1.7036,2
"2019","16243110160000",690,1176,1.7043,2
"2019","32282100080000",957,1632,1.7053,2
"2019","28023050070000",591,1009,1.7073,2
"2019","19231090060000",660,1127,1.7076,2
"2019","20072020320000",651,1112,1.7081,2
"2019","26062000320000",624,1066,1.7083,2
"2019","15242020480000",624,1068,1.7115,2
"2019","20023130070000",2220,3801,1.7122,2
"2019","01212050030000",2181,3735,1.7125,2
"2019","20111100050000",3600,6168,1.7133,2
"2019","13081110050000",761,1304,1.7135,2
"2019","14291210100000",840,1440,1.7143,2
"2019","25202000680000",1063,1823,1.715,2
"2019","25271290230000",760,1304,1.7158,2
"2019","18011060210000",842,1445,1.7162,2
"2019","25221030430000",1947,3343,1.717,2
"2019","16333010030000",1062,1824,1.7175,2
"2019","15101270450000",746,1283,1.7198,2
"2019","32294140230000",395,680,1.7215,2
"2019","20251000250000",756,1302,1.7222,2
"2019","15134090070000",488,841,1.7234,2
"2019","16364230230000",731,1260,1.7237,2
"2019","13193100040000",576,994,1.7257,2
"2019","28101180140000",412,711,1.7257,2
"2019","19063070170000",556,960,1.7266,2
"2019","19181070540000",600,1036,1.7267,2
"2019","13334000170000",440,760,1.7273,2
"2019","15101030410000",880,1520,1.7273,2
"2019","18132220270000",500,864,1.728,2
"2019","20302070180000",464,803,1.7306,2
"2019","12343010250000",1074,1860,1.7318,2
"2019","01073000120000",1270,2200,1.7323,2
"2019","17283030100000",600,1040,1.7333,2
"2019","18124100150000",640,1110,1.7344,2
"2019","21313110400000",836,1452,1.7368,2
"2019","16071100030000",1112,1934,1.7392,2
"2019","12254230100000",877,1526,1.74,2
"2019","13294010320000",598,1041,1.7408,2
"2019","12243150180000",520,907,1.7442,2
"2019","30171230080000",495,864,1.7455,2
"2019","14311170250000",1019,1781,1.7478,2
"2019","16244160430000",640,1120,1.75,2
"2019","10133150030000",600,1050,1.75,2
"2019","19111110230000",480,840,1.75,2
"2019","17294090010000",800,1400,1.75,2
"2019","25303080060000",500,876,1.752,2
"2019","26051000390000",450,789,1.7533,2
"2019","19013190370000",752,1319,1.754,2
"2019","24364190040000",802,1407,1.7544,2
"2019","13322090210000",713,1251,1.7546,2
"2019","11312100150000",924,1623,1.7565,2
"2019","13313150270000",1221,2145,1.7568,2
"2019","17064000320000",1113,1958,1.7592,2
"2019","05344170110000",769,1354,1.7607,2
"2019","04063010200000",481,847,1.7609,2
"2019","13234090190000",1032,1818,1.7616,2
"2019","25284090080000",639,1126,1.7621,2
"2019","19024200090000",1182,2084,1.7631,2
"2019","17294260900000",748,1319,1.7634,2
"2019","14203230180000",740,1305,1.7635,2
"2019","17322110220000",600,1060,1.7667,2
"2019","29171040020000",588,1040,1.7687,2
"2019","25034160270000",702,1242,1.7692,2
"2019","25222130570000",1709,3028,1.7718,2
"2019","19122220130000",474,840,1.7722,2
"2019","20153030230000",1080,1918,1.7759,2
"2019","29074250240000",588,1046,1.7789,2
"2019","32292150340000",598,1064,1.7793,2
"2019","28263000250000",1188,2114,1.7795,2
"2019","19124070420000",624,1111,1.7804,2
"2019","12244120120000",758,1350,1.781,2
"2019","25301270200000",576,1028,1.7847,2
"2019","10123190050000",925,1652,1.7859,2
"2019","20211290120000",665,1188,1.7865,2
"2019","19132060190000",600,1072,1.7867,2
"2019","02182040030000",820,1466,1.7878,2
"2019","13084280220000",616,1103,1.7906,2
"2019","09264260310000",1596,2858,1.7907,2
"2019","04113000290000",1903,3408,1.7909,2
"2019","14291050100000",1020,1827,1.7912,2
"2019","20034090240000",1179,2112,1.7913,2
"2019","19334060560000",800,1434,1.7925,2
"2019","12244030350000",454,814,1.793,2
"2019","19114190240000",857,1538,1.7946,2
"2019","19123090350000",748,1344,1.7968,2
"2019","29161060430000",432,777,1.7986,2
"2019","29084060010000",452,813,1.7987,2
"2019","14304100300000",945,1700,1.7989,2
"2019","05344260050000",1144,2058,1.799,2
"2019","20254300010000",1207,2172,1.7995,2
"2019","17061110070000",700,1260,1.8,2
"2019","01151010060000",500,900,1.8,2
"2019","25294140110000",783,1411,1.802,2
"2019","32281040370000",929,1680,1.8084,2
"2019","12254090090000",651,1178,1.8095,2
"2019","15103020100000",700,1267,1.81,2
"2019","14333240190000",702,1272,1.812,2
"2019","13194240170000",540,980,1.8148,2
"2019","25284140360000",1152,2091,1.8151,2
"2019","25212130230000",930,1688,1.8151,2
"2019","25301310310000",924,1680,1.8182,2
"2019","28044100020000",594,1080,1.8182,2
"2019","15132130160000",1260,2291,1.8183,2
"2019","25132020180000",611,1111,1.8183,2
"2019","16091230500000",680,1238,1.8206,2
"2019","30171070060000",636,1158,1.8208,2
"2019","17333020450000",784,1428,1.8214,2
"2019","14183260250000",634,1155,1.8218,2
"2019","30083240270000",653,1190,1.8224,2
"2019","16201090100000",552,1006,1.8225,2
"2019","28022080120000",760,1386,1.8237,2
"2019","30084130250000",585,1067,1.8239,2
"2019","13081030260000",480,876,1.825,2
"2019","22322020060000",790,1442,1.8253,2
"2019","15093090550000",504,920,1.8254,2
"2019","30083180080000",644,1176,1.8261,2
"2019","17283190460000",953,1741,1.8269,2
"2019","12362030130000",672,1228,1.8274,2
"2019","30062050040000",440,805,1.8295,2
"2019","13261260320000",1068,1957,1.8324,2
"2019","25303130070000",432,792,1.8333,2
"2019","16251240190000",720,1320,1.8333,2
"2019","28143090240000",783,1436,1.834,2
"2019","20283320130000",1460,2680,1.8356,2
"2019","20203060080000",576,1058,1.8368,2
"2019","28224070260000",521,957,1.8369,2
"2019","29073280450000",480,882,1.8375,2
"2019","15161130020000",682,1254,1.8387,2
"2019","23341000670000",868,1597,1.8399,2
"2019","19093120050000",828,1524,1.8406,2
"2019","13273060350000",572,1053,1.8409,2
"2019","20352080230000",456,840,1.8421,2
"2019","20184030470000",1294,2386,1.8439,2
"2019","16021070330000",571,1054,1.8459,2
"2019","21322090420000",520,960,1.8462,2
"2019","15363020400000",744,1374,1.8468,2
"2019","25024140080000",684,1264,1.848,2
"2019","29294030140000",576,1066,1.8507,2
"2019","15033360120000",598,1107,1.8512,2
"2019","13152150290000",484,896,1.8512,2
"2019","21313250220000",1376,2552,1.8547,2
"2019","12242070260000",660,1225,1.8561,2
"2019","05343240170000",840,1560,1.8571,2
"2019","17051010460000",684,1271,1.8582,2
"2019","13011160410000",696,1295,1.8606,2
"2019","06344040060000",1147,2138,1.864,2
"2019","19034200030000",750,1398,1.864,2
"2019","25303120250000",545,1017,1.8661,2
"2019","17193010220000",960,1792,1.8667,2
"2019","25343080220000",600,1120,1.8667,2
"2019","17081210230000",648,1210,1.8673,2
"2019","32322170050000",580,1086,1.8724,2
"2019","32082050100000",690,1293,1.8739,2
"2019","25223160080000",900,1687,1.8744,2
"2019","13351240100000",527,988,1.8748,2
"2019","17322170250000",672,1260,1.875,2
"2019","20091060360000",840,1575,1.875,2
"2019","25151210360000",600,1125,1.875,2
"2019","28113230090000",768,1441,1.8763,2
"2019","13144080420000",1650,3100,1.8788,2
"2019","25052180310000",638,1200,1.8809,2
"2019","11071060220000",1050,1976,1.8819,2
"2019","26312100060000",510,960,1.8824,2
"2019","17073260200000",990,1866,1.8848,2
"2019","16014240250000",830,1565,1.8855,2
"2019","24252040220000",663,1252,1.8884,2
"2019","25033230250000",400,756,1.89,2
"2019","26311150410000",486,919,1.8909,2
"2019","12242140010000",607,1148,1.8913,2
"2019","17293060220000",532,1008,1.8947,2
"2019","28122050300000",760,1440,1.8947,2
"2019","16274140200000",798,1512,1.8947,2
"2019","15044030270000",400,760,1.9,2
"2019","19154050160000",518,986,1.9035,2
"2019","23024040120000",560,1066,1.9036,2
"2019","23024040110000",560,1066,1.9036,2
"2019","16274290350000",560,1066,1.9036,2
"2019","17311070340000",768,1464,1.9063,2
"2019","30171290030000",522,996,1.908,2
"2019","10134170090000",1144,2184,1.9091,2
"2019","17283190300000",576,1100,1.9097,2
"2019","23134040230000",832,1589,1.9099,2
"2019","19301090190000",867,1657,1.9112,2
"2019","26071540240000",564,1078,1.9113,2
"2019","14062150250000",1284,2455,1.912,2
"2019","26064070240000",560,1072,1.9143,2
"2019","10241020510000",840,1609,1.9155,2
"2019","17204310170000",1051,2014,1.9163,2
"2019","15041160870000",528,1012,1.9167,2
"2019","19014260620000",1050,2015,1.919,2
"2019","02173060010000",944,1812,1.9195,2
"2019","28122271060000",500,960,1.92,2
"2019","20111100100000",3232,6207,1.9205,2
"2019","14071150330000",1008,1936,1.9206,2
"2019","26081150350000",957,1840,1.9227,2
"2019","15133090170000",480,923,1.9229,2
"2019","13322200360000",520,1000,1.9231,2
"2019","15011050130000",1216,2340,1.9243,2
"2019","01022020350000",704,1356,1.9261,2
"2019","13364220300000",885,1705,1.9266,2
"2019","20291070240000",720,1388,1.9278,2
"2019","10242160210000",584,1126,1.9281,2
"2019","15041220230000",560,1080,1.9286,2
"2019","10123030200000",960,1852,1.9292,2
"2019","10132150010000",1117,2156,1.9302,2
"2019","16062260080000",685,1323,1.9314,2
"2019","29301220500000",400,773,1.9325,2
"2019","04261010870000",1018,1968,1.9332,2
"2019","25023080120000",480,928,1.9333,2
"2019","25294110060000",517,1000,1.9342,2
"2019","16154220190000",1838,3556,1.9347,2
"2019","15132130110000",1000,1936,1.936,2
"2019","12241070460000",494,958,1.9393,2
"2019","13204060130000",758,1470,1.9393,2
"2019","29042150070000",400,776,1.94,2
"2019","13103220100000",641,1244,1.9407,2
"2019","18031160470000",986,1914,1.9412,2
"2019","20074300250000",700,1360,1.9429,2
"2019","28233040210000",595,1157,1.9445,2
"2019","17332110010000",1344,2614,1.9449,2
"2019","05322000280000",939,1828,1.9468,2
"2019","17301000460000",609,1188,1.9507,2
"2019","30083130300000",520,1016,1.9538,2
"2019","14301050190000",696,1360,1.954,2
"2019","15033140090000",576,1127,1.9566,2
"2019","25202140290000",549,1075,1.9581,2
"2019","05341070230000",648,1269,1.9583,2
"2019","20283050180000",576,1128,1.9583,2
"2019","28353010160000",627,1229,1.9601,2
"2019","20362240290000",519,1018,1.9615,2
"2019","10284080350000",937,1838,1.9616,2
"2019","25223040450000",1008,1978,1.9623,2
"2019","29364000130000",466,915,1.9635,2
"2019","19144200210000",560,1104,1.9714,2
"2019","16274240150000",512,1010,1.9727,2
"2019","13322210380000",804,1587,1.9739,2
"2019","32213210140000",512,1012,1.9766,2
"2019","05284210120000",712,1408,1.9775,2
"2019","17182150030000",1486,2940,1.9785,2
"2019","13173060040000",660,1306,1.9788,2
"2019","10132190240000",1184,2344,1.9797,2
"2019","29182150260000",600,1188,1.98,2
"2019","11193120310000",1200,2376,1.98,2
"2019","21313110310000",400,792,1.98,2
"2019","16262060040000",606,1200,1.9802,2
"2019","16074150080000",1323,2620,1.9803,2
"2019","20263160410000",858,1700,1.9814,2
"2019","14203010270000",1324,2624,1.9819,2
"2019","25301170130000",560,1110,1.9821,2
"2019","19124010380000",620,1229,1.9823,2
"2019","20111080130000",2562,5082,1.9836,2
"2019","20032000300000",3188,6324,1.9837,2
"2019","29133040240000",468,929,1.985,2
"2019","18124110120000",741,1471,1.9852,2
"2019","29033140090000",544,1080,1.9853,2
"2019","13361230180000",1152,2288,1.9861,2
"2019","29042150090000",528,1049,1.9867,2
"2019","22291180210000",494,982,1.9879,2
"2019","28311040260000",1272,2529,1.9882,2
"2019","22282060200000",1562,3108,1.9898,2
"2019","10213300030000",1103,2195,1.99,2
"2019","09363130250000",888,1768,1.991,2
"2019","27114000120000",1239,2467,1.9911,2
"2019","32202080180000",888,1769,1.9921,2
"2019","32233030550000",604,1204,1.9934,2
"2019","19103020060000",900,1795,1.9944,2
"2019","16073110310000",693,1386,2.0,2
"2019","25214110030000",480,960,2.0,2
"2019","16161180240000",750,1500,2.0,2
"2019","13301130140000",480,960,2.0,2
"2019","25313040170000",630,1260,2.0,2
"2019","20072180090000",480,960,2.0,2
"2019","19123230390000",434,870,2.0046,2
"2019","29171040060000",400,802,2.005,2
"2019","19131100420000",704,1412,2.0057,2
"2019","12214000540000",664,1332,2.006,2
"2019","20194130330000",460,924,2.0087,2
"2019","17062090330000",1144,2300,2.0105,2
"2019","25343100500000",736,1480,2.0109,2
"2019","16093170250000",1232,2478,2.0114,2
"2019","29123200060000",1026,2064,2.0117,2
"2019","30083150550000",672,1352,2.0119,2
"2019","22302010100000",913,1837,2.012,2
"2019","19132230250000",702,1413,2.0128,2
"2019","30083250160000",528,1063,2.0133,2
"2019","32033000110000",696,1402,2.0144,2
"2019","12242170220000",686,1382,2.0146,2
"2019","17314110390000",500,1008,2.016,2
"2019","09094000050000",2126,4289,2.0174,2
"2019","17293240360000",480,969,2.0188,2
"2019","30182180240000",480,969,2.0188,2
"2019","24241010450000",722,1458,2.0194,2
"2019","19211010280000",1000,2020,2.02,2
"2019","28183020090000",756,1528,2.0212,2
"2019","16333010190000",869,1757,2.0219,2
"2019","18034010080000",1038,2099,2.0222,2
"2019","16173220350000",756,1529,2.0225,2
"2019","28281030050000",663,1342,2.0241,2
"2019","17193030340000",580,1174,2.0241,2
"2019","14203100200000",1875,3796,2.0245,2
"2019","14071100400000",840,1702,2.0262,2
"2019","14181200190000",780,1584,2.0308,2
"2019","20072120130000",640,1300,2.0313,2
"2019","26182160010000",512,1041,2.0332,2
"2019","32322060210000",948,1932,2.038,2
"2019","12254100160000",883,1801,2.0396,2
"2019","25044060050000",616,1257,2.0406,2
"2019","14334060300000",2036,4161,2.0437,2
"2019","29173060060000",528,1080,2.0455,2
"2019","15082080010000",500,1023,2.046,2
"2019","14322240390000",1891,3886,2.055,2
"2019","03203060840000",576,1184,2.0556,2
"2019","16262080410000",1364,2804,2.0557,2
"2019","25212060190000",1276,2624,2.0564,2
"2019","17071060340000",693,1428,2.0606,2
"2019","26304040010000",576,1188,2.0625,2
"2019","26304040020000",576,1188,2.0625,2
"2019","14194190300000",1092,2254,2.0641,2
"2019","20081090450000",759,1570,2.0685,2
"2019","14333180190000",640,1324,2.0688,2
"2019","17193190190000",1210,2507,2.0719,2
"2019","29042010080000",694,1438,2.072,2
"2019","33054000410000",750,1556,2.0747,2
"2019","16122050280000",1170,2431,2.0778,2
"2019","29153000110000",1058,2200,2.0794,2
"2019","15132030160000",1040,2164,2.0808,2
"2019","11191100100000",1185,2467,2.0819,2
"2019","14301050290000",484,1008,2.0826,2
"2019","16091110330000",1200,2500,2.0833,2
"2019","18221110010000",698,1455,2.0845,2
"2019","17311150280000",858,1790,2.0862,2
"2019","17343050010000",3042,6360,2.0907,2
"2019","16091020200000",792,1656,2.0909,2
"2019","20073150380000",638,1335,2.0925,2
"2019","22291040090000",778,1628,2.0925,2
"2019","19202090380000",400,837,2.0925,2
"2019","29163070390000",483,1012,2.0952,2
"2019","13254070380000",1050,2200,2.0952,2
"2019","26083130100000",834,1749,2.0971,2
"2019","01061000560000",1689,3543,2.0977,2
"2019","17061070020000",2142,4495,2.0985,2
"2019","12244020120000",400,840,2.1,2
"2019","26321100380000",500,1050,2.1,2
"2019","26083060120000",400,840,2.1,2
"2019","15143060080000",598,1258,2.1037,2
"2019","16083000070000",1443,3036,2.104,2
"2019","15111380050000",967,2035,2.1044,2
"2019","30074230160000",440,926,2.1045,2
"2019","05334060260000",600,1263,2.105,2
"2019","18221070210000",513,1080,2.1053,2
"2019","11311080150000",655,1380,2.1069,2
"2019","15134160270000",568,1197,2.1074,2
"2019","16164090210000",982,2070,2.1079,2
"2019","13321170210000",828,1746,2.1087,2
"2019","23293000090000",813,1715,2.1095,2
"2019","16053250120000",1035,2186,2.1121,2
"2019","28353020440000",575,1215,2.113,2
"2019","15124190120000",450,951,2.1133,2
"2019","16363170160000",447,945,2.1141,2
"2019","29293150070000",750,1586,2.1147,2
"2019","14184150320000",1196,2530,2.1154,2
"2019","13303120180000",936,1980,2.1154,2
"2019","16304140200000",898,1900,2.1158,2
"2019","24142170660000",903,1911,2.1163,2
"2019","20324260350000",680,1440,2.1176,2
"2019","19063160080000",739,1565,2.1177,2
"2019","25271170210000",517,1095,2.118,2
"2019","14292160160000",1597,3384,2.119,2
"2019","02222010640000",753,1597,2.1208,2
"2019","32202080220000",528,1120,2.1212,2
"2019","13094060170000",538,1142,2.1227,2
"2019","29042000430000",690,1465,2.1232,2
"2019","13322060190000",600,1275,2.125,2
"2019","24361040080000",416,884,2.125,2
"2019","28021070150000",551,1172,2.127,2
"2019","28021070140000",551,1172,2.127,2
"2019","32203010010000",1039,2212,2.129,2
"2019","16364010220000",924,1968,2.1299,2
"2019","15033140100000",576,1227,2.1302,2
"2019","19142100190000",1336,2850,2.1332,2
"2019","20314280260000",620,1325,2.1371,2
"2019","15033380190000",1020,2181,2.1382,2
"2019","28022270220000",576,1232,2.1389,2
"2019","15134210010000",432,924,2.1389,2
"2019","20292230120000",672,1438,2.1399,2
"2019","20112010070000",2268,4860,2.1429,2
"2019","16263110440000",924,1980,2.1429,2
"2019","29094050080000",440,943,2.1432,2
"2019","12253190430000",823,1765,2.1446,2
"2019","20064010190000",456,980,2.1491,2
"2019","10201020090000",688,1480,2.1512,2
"2019","32081010110000",1657,3566,2.1521,2
"2019","25223060600000",670,1443,2.1537,2
"2019","18013010020000",720,1554,2.1583,2
"2019","29112250380000",756,1632,2.1587,2
"2019","16252210040000",792,1710,2.1591,2
"2019","13191310120000",588,1272,2.1633,2
"2019","32081010190000",1475,3196,2.1668,2
"2019","16022280170000",794,1724,2.1713,2
"2019","16212110100000",700,1520,2.1714,2
"2019","13061140230000",792,1722,2.1742,2
"2019","29074280310000",400,870,2.175,2
"2019","17061120290000",1278,2780,2.1753,2
"2019","17341160230000",1240,2702,2.179,2
"2019","24254180170000",572,1247,2.1801,2
"2019","32202030180000",430,938,2.1814,2
"2019","13202120020000",567,1237,2.1817,2
"2019","11181100230000",1744,3805,2.1818,2
"2019","14304040350000",633,1382,2.1833,2
"2019","30182170510000",518,1132,2.1853,2
"2019","14283020390000",630,1377,2.1857,2
"2019","32211070020000",635,1389,2.1874,2
"2019","14311200260000",933,2041,2.1876,2
"2019","11071190290000",504,1104,2.1905,2
"2019","20362130080000",690,1512,2.1913,2
"2019","01134010480000",900,1974,2.1933,2
"2019","25122270310000",504,1108,2.1984,2
"2019","16054080220000",693,1524,2.1991,2
"2019","17293160130000",406,894,2.202,2
"2019","13094210360000",640,1410,2.2031,2
"2019","14333060310000",1252,2759,2.2037,2
"2019","01184020060000",1038,2288,2.2042,2
"2019","18274020420000",518,1142,2.2046,2
"2019","12234140420000",400,882,2.205,2
"2019","15134020270000",539,1189,2.2059,2
"2019","17273060260000",3405,7512,2.2062,2
"2019","12254200120000",575,1270,2.2087,2
"2019","15134160230000",752,1662,2.2101,2
"2019","25212100240000",700,1548,2.2114,2
"2019","11182010050000",1218,2695,2.2126,2
"2019","15033530020000",616,1364,2.2143,2
"2019","29161250370000",440,976,2.2182,2
"2019","29361120120000",646,1433,2.2183,2
"2019","23264010050000",875,1943,2.2206,2
"2019","25173330200000",435,966,2.2207,2
"2019","17194150350000",540,1200,2.2222,2
"2019","28122100150000",593,1318,2.2226,2
"2019","25304180150000",462,1027,2.2229,2
"2019","12242270090000",760,1690,2.2237,2
"2019","14333240200000",620,1380,2.2258,2
"2019","09334050010000",571,1272,2.2277,2
"2019","12121240530000",730,1628,2.2301,2
"2019","26051010380000",541,1210,2.2366,2
"2019","18174030560000",699,1565,2.2389,2
"2019","13194130410000",1155,2587,2.2398,2
"2019","28023040150000",400,896,2.24,2
"2019","16264190470000",967,2167,2.241,2
"2019","14334070270000",1437,3223,2.2429,2
"2019","17064330280000",868,1950,2.2465,2
"2019","25064150060000",1039,2336,2.2483,2
"2019","19084120330000",500,1125,2.25,2
"2019","19182020240000",1152,2592,2.25,2
"2019","16292030280000",1017,2289,2.2507,2
"2019","18162090120000",504,1135,2.252,2
"2019","02162020320000",440,992,2.2545,2
"2019","13063060250000",644,1452,2.2547,2
"2019","30172070110000",483,1092,2.2609,2
"2019","29071210440000",716,1619,2.2612,2
"2019","29071210430000",716,1619,2.2612,2
"2019","14201230160000",735,1662,2.2612,2
"2019","25202200240000",444,1005,2.2635,2
"2019","22273020340000",480,1088,2.2667,2
"2019","21313220180000",432,980,2.2685,2
"2019","18292030260000",575,1306,2.2713,2
"2019","25023060150000",532,1209,2.2726,2
"2019","18134170450000",637,1449,2.2747,2
"2019","22242030060000",1663,3783,2.2748,2
"2019","17343220350000",2400,5470,2.2792,2
"2019","13084210140000",745,1700,2.2819,2
"2019","21313100280000",780,1782,2.2846,2
"2019","13172090270000",400,914,2.285,2
"2019","14074230650000",1458,3338,2.2894,2
"2019","16274290100000",550,1260,2.2909,2
"2019","25094260180000",572,1311,2.292,2
"2019","30314020080000",600,1376,2.2933,2
"2019","12133140080000",518,1188,2.2934,2
"2019","13194230240000",485,1113,2.2948,2
"2019","25311030290000",1394,3200,2.2956,2
"2019","14321100230000",528,1213,2.2973,2
"2019","14333060180000",1417,3256,2.2978,2
"2019","29032040170000",480,1104,2.3,2
"2019","25284390270000",667,1535,2.3013,2
"2019","10182050550000",1193,2748,2.3034,2
"2019","18011110010000",400,923,2.3075,2
"2019","14314020130000",992,2289,2.3075,2
"2019","17301180010000",1144,2640,2.3077,2
"2019","16262220180000",672,1554,2.3125,2
"2019","29173030090000",640,1480,2.3125,2
"2019","25223060320000",708,1638,2.3136,2
"2019","27341010090000",1063,2460,2.3142,2
"2019","02174000390000",633,1466,2.316,2
"2019","23261080230000",1550,3599,2.3219,2
"2019","15131030090000",638,1482,2.3229,2
"2019","15123000150000",1556,3616,2.3239,2
"2019","05081020250000",1160,2698,2.3259,2
"2019","28122020040000",663,1544,2.3288,2
"2019","16332110240000",800,1866,2.3325,2
"2019","32121010060000",571,1332,2.3327,2
"2019","15092080090000",679,1585,2.3343,2
"2019","29171050190000",885,2067,2.3356,2
"2019","17331130030000",440,1029,2.3386,2
"2019","28022020080000",400,936,2.34,2
"2019","18054260160000",1288,3015,2.3408,2
"2019","17213020070000",1020,2388,2.3412,2
"2019","09161000160000",710,1663,2.3423,2
"2019","15264150020000",797,1869,2.345,2
"2019","25223160070000",440,1032,2.3455,2
"2019","17064260050000",600,1408,2.3467,2
"2019","28313040040000",748,1756,2.3476,2
"2019","15141610080000",672,1578,2.3482,2
"2019","13253100150000",651,1529,2.3487,2
"2019","31334000030000",769,1808,2.3511,2
"2019","10242020350000",542,1275,2.3524,2
"2019","10134150050000",640,1507,2.3547,2
"2019","12241090090000",440,1037,2.3568,2
"2019","17042180310000",1134,2674,2.358,2
"2019","05342130050000",1860,4390,2.3602,2
"2019","20203020090000",711,1679,2.3615,2
"2019","17283070140000",668,1582,2.3683,2
"2019","14324090180000",1322,3132,2.3691,2
"2019","03094010230000",654,1550,2.37,2
"2019","17283190390000",445,1056,2.373,2
"2019","17283090290000",460,1092,2.3739,2
"2019","29074090370000",479,1138,2.3758,2
"2019","32202080270000",576,1369,2.3767,2
"2019","12252040110000",588,1400,2.381,2
"2019","29163030360000",680,1630,2.3971,2
"2019","14324070170000",1140,2735,2.3991,2
"2019","28122070580000",576,1386,2.4063,2
"2019","13171170180000",556,1338,2.4065,2
"2019","19061180300000",666,1603,2.4069,2
"2019","25172020040000",635,1530,2.4094,2
"2019","12243170180000",478,1152,2.41,2
"2019","15082130150000",408,984,2.4118,2
"2019","04254010010000",1100,2654,2.4127,2
"2019","02031060100000",1466,3540,2.4147,2
"2019","11184050070000",2000,4836,2.418,2
"2019","12343060640000",603,1461,2.4229,2
"2019","12134120200000",572,1386,2.4231,2
"2019","02201090170000",1560,3780,2.4231,2
"2019","17173030170000",841,2038,2.4233,2
"2019","16231040310000",1639,3972,2.4234,2
"2019","16013030050000",1836,4452,2.4248,2
"2019","19061090260000",468,1135,2.4252,2
"2019","28331040270000",1315,3190,2.4259,2
"2019","13181170160000",478,1164,2.4351,2
"2019","14313280580000",763,1859,2.4364,2
"2019","11191220180000",640,1560,2.4375,2
"2019","14333220080000",920,2244,2.4391,2
"2019","24232040590000",585,1427,2.4393,2
"2019","12252090130000",588,1437,2.4439,2
"2019","01024020030000",1285,3146,2.4482,2
"2019","17343120760000",1750,4286,2.4491,2
"2019","19151260010000",430,1054,2.4512,2
"2019","30171170050000",620,1521,2.4532,2
"2019","24364270280000",656,1610,2.4543,2
"2019","13254280190000",693,1701,2.4545,2
"2019","19141080210000",484,1188,2.4545,2
"2019","29182180200000",757,1859,2.4557,2
"2019","09204130170000",647,1590,2.4575,2
"2019","01031010200000",1680,4130,2.4583,2
"2019","16314070280000",425,1045,2.4588,2
"2019","13094100230000",760,1869,2.4592,2
"2019","20033130390000",1840,4525,2.4592,2
"2019","12242230510000",690,1705,2.471,2
"2019","17171140220000",800,1984,2.48,2
"2019","10182000230000",576,1429,2.4809,2
"2019","19083250180000",552,1370,2.4819,2
"2019","25312010100000",400,996,2.49,2
"2019","14333021240000",833,2080,2.497,2
"2019","19301110240000",480,1200,2.5,2
"2019","30062000930000",440,1100,2.5,2
"2019","13301340080000",640,1601,2.5016,2
"2019","25201100220000",518,1296,2.5019,2
"2019","20112121370000",1611,4031,2.5022,2
"2019","22334040140000",880,2202,2.5023,2
"2019","13173010200000",839,2101,2.5042,2
"2019","26073020090000",540,1353,2.5056,2
"2019","14334070110000",1185,2970,2.5063,2
"2019","09173020110000",738,1850,2.5068,2
"2019","20024000420000",1428,3580,2.507,2
"2019","32333080730000",658,1650,2.5076,2
"2019","15134250270000",764,1916,2.5079,2
"2019","20034000720000",2415,6066,2.5118,2
"2019","05334200160000",711,1788,2.5148,2
"2019","13231030130000",690,1736,2.5159,2
"2019","17204220300000",783,1972,2.5185,2
"2019","13094050180000",400,1008,2.52,2
"2019","29171010320000",401,1011,2.5212,2
"2019","19084120450000",500,1261,2.522,2
"2019","20203020030000",452,1140,2.5221,2
"2019","10313070190000",590,1490,2.5254,2
"2019","13311220160000",671,1698,2.5306,2
"2019","20294230130000",684,1736,2.538,2
"2019","15113340100000",456,1158,2.5395,2
"2019","32211020010000",794,2019,2.5428,2
"2019","13363270170000",1100,2800,2.5455,2
"2019","25182070420000",648,1650,2.5463,2
"2019","33171020130000",600,1530,2.55,2
"2019","13172120020000",480,1224,2.55,2
"2019","16264110250000",894,2280,2.5503,2
"2019","01241000060000",832,2127,2.5565,2
"2019","19091310250000",576,1474,2.559,2
"2019","13312090140000",400,1025,2.5625,2
"2019","17053190750000",775,1988,2.5652,2
"2019","20204280100000",961,2466,2.5661,2
"2019","14333290110000",533,1369,2.5685,2
"2019","24124070010000",480,1233,2.5688,2
"2019","32294260140000",621,1596,2.57,2
"2019","28092020070000",1634,4209,2.5759,2
"2019","17213060480000",603,1557,2.5821,2
"2019","17042170290000",1542,3984,2.5837,2
"2019","17042170280000",1542,3984,2.5837,2
"2019","31353000060000",601,1553,2.584,2
"2019","19154280120000",580,1500,2.5862,2
"2019","19182240330000",440,1142,2.5955,2
"2019","25313430080000",440,1144,2.6,2
"2019","28164110320000",640,1665,2.6016,2
"2019","26314100050000",516,1344,2.6047,2
"2019","16091000150000",1317,3432,2.6059,2
"2019","09202180140000",682,1781,2.6114,2
"2019","32282080070000",460,1203,2.6152,2
"2019","15013010120000",1237,3237,2.6168,2
"2019","14192040010000",751,1971,2.6245,2
"2019","19182270090000",424,1113,2.625,2
"2019","11321000250000",1420,3730,2.6268,2
"2019","20192290030000",621,1632,2.628,2
"2019","30171080350000",476,1251,2.6282,2
"2019","13363020330000",550,1450,2.6364,2
"2019","18134110170000",484,1276,2.6364,2
"2019","15354170330000",1132,2988,2.6396,2
"2019","15354170040000",1132,2988,2.6396,2
"2019","15341230620000",716,1890,2.6397,2
"2019","14313020470000",941,2485,2.6408,2
"2019","15013220040000",2112,5580,2.642,2
"2019","31261050110000",753,1990,2.6428,2
"2019","14314020290000",946,2503,2.6459,2
"2019","19174090140000",506,1339,2.6462,2
"2019","16123100460000",990,2620,2.6465,2
"2019","30182270010000",400,1060,2.65,2
"2019","15134090060000",491,1302,2.6517,2
"2019","30084010460000",708,1880,2.6554,2
"2019","21304050180000",960,2551,2.6573,2
"2019","03354010570000",590,1568,2.6576,2
"2019","14293090550000",1023,2725,2.6637,2
"2019","10134210090000",604,1610,2.6656,2
"2019","13141230270000",546,1456,2.6667,2
"2019","15081170240000",658,1757,2.6702,2
"2019","16072070050000",2301,6150,2.6728,2
"2019","12331180060000",720,1930,2.6806,2
"2019","20274310150000",531,1424,2.6817,2
"2019","25081090240000",668,1803,2.6991,2
"2019","26311150110000",480,1296,2.7,2
"2019","24242060320000",448,1210,2.7009,2
"2019","20192080260000",680,1839,2.7044,2
"2019","10132000090000",621,1680,2.7053,2
"2019","16262290240000",550,1488,2.7055,2
"2019","17293270050000",560,1518,2.7107,2
"2019","20112040040000",1392,3780,2.7155,2
"2019","13311190150000",720,1957,2.7181,2
"2019","13053290070000",448,1218,2.7188,2
"2019","32204000430000",400,1088,2.72,2
"2019","30314040140000",441,1200,2.7211,2
"2019","16331110120000",520,1416,2.7231,2
"2019","20231260450000",1803,4911,2.7238,2
"2019","02051010100000",812,2214,2.7266,2
"2019","10123090240000",781,2130,2.7273,2
"2019","13362330100000",600,1640,2.7333,2
"2019","20111070380000",2880,7874,2.734,2
"2019","28094040450000",453,1240,2.7373,2
"2019","30172090300000",710,1944,2.738,2
"2019","32324030140000",560,1536,2.7429,2
"2019","25164180010000",968,2659,2.7469,2
"2019","12012130030000",567,1561,2.7531,2
"2019","10123100090000",697,1924,2.7604,2
"2019","29352110280000",528,1459,2.7633,2
"2019","20203240310000",520,1437,2.7635,2
"2019","01254010020000",2479,6851,2.7636,2
"2019","32203090090000",521,1440,2.7639,2
"2019","30171110010000",664,1836,2.7651,2
"2019","17351020090000",1606,4443,2.7665,2
"2019","15034180040000",600,1669,2.7817,2
"2019","05201130150000",1206,3359,2.7852,2
"2019","17081080180000",1108,3087,2.7861,2
"2019","26083240220000",680,1900,2.7941,2
"2019","20263190250000",450,1259,2.7978,2
"2019","14314090410000",960,2688,2.8,2
"2019","21311130200000",420,1176,2.8,2
"2019","16191050160000",756,2117,2.8003,2
"2019","20081170420000",900,2530,2.8111,2
"2019","24091350120000",440,1237,2.8114,2
"2019","15103170230000",532,1496,2.812,2
"2019","11181020130000",756,2126,2.8122,2
"2019","25171000110000",808,2273,2.8131,2
"2019","16363190050000",594,1671,2.8131,2
"2019","05212020010000",2187,6174,2.823,2
"2019","09344030110000",900,2548,2.8311,2
"2019","20112040100000",1879,5333,2.8382,2
"2019","15122080010000",621,1763,2.839,2
"2019","26321100100000",384,1092,2.8438,2
"2019","12234150040000",519,1477,2.8459,2
"2019","24232010540000",447,1273,2.8479,2
"2019","04262031010000",915,2611,2.8536,2
"2019","25301300020000",400,1143,2.8575,2
"2019","25304100230000",511,1462,2.8611,2
"2019","32213210120000",501,1434,2.8623,2
"2019","15122030130000",746,2137,2.8646,2
"2019","04353100110000",680,1948,2.8647,2
"2019","29061090150000",805,2310,2.8696,2
"2019","16021310040000",400,1150,2.875,2
"2019","02052030070000",880,2530,2.875,2
"2019","13063100110000",504,1449,2.875,2
"2019","12012020280000",512,1475,2.8809,2
"2019","17061040210000",1496,4314,2.8837,2
"2019","15101030560000",426,1232,2.892,2
"2019","05354090120000",687,1987,2.8923,2
"2019","15013140040000",1073,3104,2.8928,2
"2019","14203240170000",570,1650,2.8947,2
"2019","15354140200000",1224,3545,2.8962,2
"2019","14203300100000",798,2313,2.8985,2
"2019","15123080210000",607,1760,2.8995,2
"2019","05271010020000",1399,4060,2.9021,2
"2019","04291000410000",1212,3523,2.9068,2
"2019","29323040240000",440,1279,2.9068,2
"2019","15134030430000",441,1283,2.9093,2
"2019","15101130110000",464,1351,2.9116,2
"2019","18351010340000",650,1895,2.9154,2
"2019","11184210050000",2572,7501,2.9164,2
"2019","13192030190000",600,1752,2.92,2
"2019","13063060260000",1119,3269,2.9214,2
"2019","11312010320000",648,1896,2.9259,2
"2019","16251250320000",437,1280,2.9291,2
"2019","11071160260000",1271,3724,2.93,2
"2019","12331120190000",489,1433,2.9305,2
"2019","12331090210000",480,1408,2.9333,2
"2019","18043010210000",966,2835,2.9348,2
"2019","29081250490000",697,2048,2.9383,2
"2019","17294260710000",577,1696,2.9393,2
"2019","15031270540000",1155,3402,2.9455,2
"2019","14291050420000",760,2240,2.9474,2
"2019","14331240130000",926,2738,2.9568,2
"2019","17344100330000",1200,3552,2.96,2
"2019","11193290160000",900,2671,2.9678,2
"2019","16194040240000",434,1290,2.9724,2
"2019","13191080270000",546,1625,2.9762,2
"2019","01112010070000",1059,3155,2.9792,2
"2019","15113270010000",600,1789,2.9817,2
"2019","15354070010000",1125,3355,2.9822,2
"2019","28212130290000",649,1937,2.9846,2
"2019","19174200240000",400,1196,2.99,2
"2019","14163010330000",1914,5727,2.9922,2
"2019","14311290420000",400,1200,3.0,2
"2019","24254060410000",484,1452,3.0,2
"2019","05293110050000",2344,7033,3.0004,2
"2019","13354080140000",669,2008,3.0015,2
"2019","10134080020000",579,1738,3.0017,2
"2019","05274200040000",1661,4986,3.0018,2
"2019","16244140170000",402,1208,3.005,2
"2019","13321170360000",480,1443,3.0063,2
"2019","13172000130000",609,1832,3.0082,2
"2019","26083270310000",614,1849,3.0114,2
"2019","16014110150000",672,2024,3.0119,2
"2019","29071050330000",525,1584,3.0171,2
"2019","12331130290000",540,1631,3.0204,2
"2019","02154010060000",515,1557,3.0233,2
"2019","29173200280000",400,1210,3.025,2
"2019","25173000140000",714,2164,3.0308,2
"2019","15033430010000",754,2288,3.0345,2
"2019","25201110250000",840,2553,3.0393,2
"2019","16242170160000",1362,4140,3.0396,2
"2019","26071610110000",680,2070,3.0441,2
"2019","14053240080000",917,2792,3.0447,2
"2019","16142050320000",1297,3952,3.047,2
"2019","19181270170000",462,1408,3.0476,2
"2019","13301220130000",504,1536,3.0476,2
"2019","11184110020000",912,2787,3.0559,2
"2019","17031090080000",1088,3328,3.0588,2
"2019","16253050410000",494,1512,3.0607,2
"2019","13304030040000",435,1332,3.0621,2
"2019","10244070040000",882,2702,3.0635,2
"2019","17194050340000",640,1962,3.0656,2
"2019","05354010230000",1040,3193,3.0702,2
"2019","24131030120000",615,1889,3.0715,2
"2019","15013080150000",779,2401,3.0822,2
"2019","18073000780000",1494,4608,3.0843,2
"2019","32131000080000",861,2657,3.0859,2
"2019","29174070260000",472,1457,3.0869,2
"2019","26312260260000",485,1500,3.0928,2
"2019","05281030880000",550,1708,3.1055,2
"2019","15013010220000",776,2411,3.107,2
"2019","20202180280000",756,2354,3.1138,2
"2019","01031000290000",975,3041,3.119,2
"2019","29074280300000",400,1248,3.12,2
"2019","13361140030000",1050,3281,3.1248,2
"2019","32281080440000",600,1875,3.125,2
"2019","32281080450000",600,1875,3.125,2
"2019","05274040120000",1224,3872,3.1634,2
"2019","12264130310000",556,1763,3.1709,2
"2019","10132250130000",1132,3590,3.1714,2
"2019","16074150180000",840,2667,3.175,2
"2019","13064060100000",648,2064,3.1852,2
"2019","14331230080000",780,2490,3.1923,2
"2019","20112040220000",1005,3212,3.196,2
"2019","28281020850000",733,2346,3.2005,2
"2019","23261050370000",1216,3906,3.2122,2
"2019","22291230010000",687,2213,3.2213,2
"2019","09364060140000",514,1656,3.2218,2
"2019","14293070400000",1375,4432,3.2233,2
"2019","16074070110000",969,3130,3.2301,2
"2019","16062120080000",724,2340,3.232,2
"2019","32291030280000",1490,4818,3.2336,2
"2019","14204230620000",935,3024,3.2342,2
"2019","13094060180000",688,2228,3.2384,2
"2019","20142000240000",1211,3926,3.2419,2
"2019","13211170200000",400,1298,3.245,2
"2019","17343120730000",1663,5411,3.2538,2
"2019","16081140120000",638,2077,3.2555,2
"2019","01061000080000",816,2659,3.2586,2
"2019","29161280490000",690,2251,3.2623,2
"2019","29161280480000",690,2251,3.2623,2
"2019","13321190430000",509,1661,3.2633,2
"2019","25271020420000",408,1332,3.2647,2
"2019","30084050120000",670,2196,3.2776,2
"2019","02164100020000",909,2985,3.2838,2
"2019","13213140330000",400,1314,3.285,2
"2019","29363010170000",507,1670,3.2939,2
"2019","14322180510000",660,2176,3.297,2
"2019","12294050060000",400,1319,3.2975,2
"2019","20111100230000",1080,3568,3.3037,2
"2019","05282210080000",667,2208,3.3103,2
"2019","11191140320000",960,3185,3.3177,2
"2019","18043220130000",520,1728,3.3231,2
"2019","22333010060000",1120,3725,3.3259,2
"2019","05292030170000",3410,11360,3.3314,2
"2019","16173180330000",551,1836,3.3321,2
"2019","16054280430000",528,1760,3.3333,2
"2019","12242020320000",493,1644,3.3347,2
"2019","16363070100000",477,1591,3.3354,2
"2019","01134000090000",613,2046,3.3377,2
"2019","24081160210000",492,1644,3.3415,2
"2019","25042050150000",474,1584,3.3418,2
"2019","29182140290000",480,1605,3.3438,2
"2019","16072080090000",931,3116,3.3469,2
"2019","14291220210000",1117,3739,3.3474,2
"2019","14333020450000",1721,5761,3.3475,2
"2019","29363000010000",464,1554,3.3491,2
"2019","13172210310000",576,1931,3.3524,2
"2019","32203010050000",504,1690,3.3532,2
"2019","16054160230000",400,1344,3.36,2
"2019","16064230200000",798,2683,3.3622,2
"2019","22261000020000",492,1658,3.3699,2
"2019","15043010470000",480,1620,3.375,2
"2019","13191100340000",448,1512,3.375,2
"2019","18021180070000",440,1485,3.375,2
"2019","05341000060000",459,1552,3.3813,2
"2019","15341040350000",413,1398,3.385,2
"2019","23052010140000",680,2304,3.3882,2
"2019","13334160530000",528,1789,3.3883,2
"2019","13131120200000",432,1464,3.3889,2
"2019","05274180160000",934,3170,3.394,2
"2019","15023090140000",648,2200,3.3951,2
"2019","20112070050000",2351,7990,3.3986,2
"2019","14083050320000",720,2451,3.4042,2
"2019","23354000070000",2832,9674,3.416,2
"2019","02143230010000",733,2504,3.4161,2
"2019","29161090710000",582,1994,3.4261,2
"2019","11194050190000",1428,4893,3.4265,2
"2019","11192100160000",1355,4652,3.4332,2
"2019","30201060100000",498,1711,3.4357,2
"2019","04202010220000",474,1631,3.4409,2
"2019","16064190270000",949,3266,3.4415,2
"2019","10134040080000",975,3356,3.4421,2
"2019","01044030100000",1341,4628,3.4512,2
"2019","16054060420000",1032,3576,3.4651,2
"2019","25223160090000",504,1747,3.4663,2
"2019","11184160120000",1576,5465,3.4676,2
"2019","21301200210000",616,2138,3.4708,2
"2019","16064190070000",832,2890,3.4736,2
"2019","16022110090000",682,2370,3.4751,2
"2019","11191090110000",614,2137,3.4805,2
"2019","14283140110000",896,3120,3.4821,2
"2019","16262120240000",1135,3960,3.489,2
"2019","14173080180000",1028,3590,3.4922,2
"2019","01043010050000",899,3144,3.4972,2
"2019","20121140500000",1205,4216,3.4988,2
"2019","20111060080000",2254,7928,3.5173,2
"2019","20142010210000",875,3078,3.5177,2
"2019","17193210210000",770,2712,3.5221,2
"2019","13312080340000",517,1826,3.5319,2
"2019","16333210530000",537,1899,3.5363,2
"2019","16314220110000",552,1958,3.5471,2
"2019","14314020310000",676,2400,3.5503,2
"2019","16183090230000",814,2892,3.5528,2
"2019","03094010800000",443,1577,3.5598,2
"2019","19301100010000",441,1572,3.5646,2
"2019","17171100300000",756,2696,3.5661,2
"2019","25071000340000",478,1705,3.5669,2
"2019","11192230170000",1081,3856,3.5671,2
"2019","10362240010000",609,2173,3.5681,2
"2019","29074180170000",422,1507,3.5711,2
"2019","20184230490000",462,1650,3.5714,2
"2019","15333030280000",948,3388,3.5738,2
"2019","15361030040000",1424,5092,3.5758,2
"2019","05282220020000",880,3158,3.5886,2
"2019","12241050160000",551,1980,3.5935,2
"2019","15363120320000",600,2160,3.6,2
"2019","05072120070000",550,1982,3.6036,2
"2019","14283210350000",2975,10730,3.6067,2
"2019","20192050370000",456,1650,3.6184,2
"2019","20111110340000",2304,8346,3.6224,2
"2019","20071090430000",1080,3927,3.6361,2
"2019","05211250130000",1099,4012,3.6506,2
"2019","17171140430000",981,3585,3.6544,2
"2019","13213040160000",574,2099,3.6568,2
"2019","26083210240000",457,1674,3.663,2
"2019","14333220060000",546,2000,3.663,2
"2019","01031010350000",1432,5255,3.6697,2
"2019","10132250090000",2279,8373,3.674,2
"2019","29173010270000",480,1764,3.675,2
"2019","05181010400000",1440,5296,3.6778,2
"2019","30172050460000",400,1473,3.6825,2
"2019","29034100260000",400,1474,3.685,2
"2019","05204050070000",1127,4160,3.6912,2
"2019","14324120050000",1143,4223,3.6947,2
"2019","17181020270000",761,2821,3.707,2
"2019","11181100260000",789,2926,3.7085,2
"2019","20113050110000",712,2652,3.7247,2
"2019","11184200130000",1635,6090,3.7248,2
"2019","10242230230000",480,1788,3.725,2
"2019","22341010100000",702,2624,3.7379,2
"2019","17193110360000",618,2313,3.7427,2
"2019","22241010140000",1415,5304,3.7484,2
"2019","05083020170000",1113,4172,3.7484,2
"2019","06211020080000",688,2588,3.7616,2
"2019","18293000160000",469,1768,3.7697,2
"2019","30083020350000",541,2040,3.7708,2
"2019","30083020360000",541,2040,3.7708,2
"2019","05342180310000",540,2040,3.7778,2
"2019","25283050100000",1398,5285,3.7804,2
"2019","25283050090000",1398,5285,3.7804,2
"2019","11321010080000",789,2984,3.782,2
"2019","23261040030000",1825,6913,3.7879,2
"2019","13254220200000",506,1918,3.7905,2
"2019","10144100210000",400,1517,3.7925,2
"2019","17171100100000",885,3360,3.7966,2
"2019","12242260030000",400,1519,3.7975,2
"2019","11192020160000",675,2566,3.8015,2
"2019","11192020210000",798,3034,3.802,2
"2019","05273000030000",928,3532,3.806,2
"2019","32344010330000",803,3060,3.8107,2
"2019","25291030550000",458,1746,3.8122,2
"2019","16081180140000",663,2530,3.816,2
"2019","01113020160000",1947,7446,3.8243,2
"2019","05352020300000",1147,4387,3.8248,2
"2019","20113180170000",980,3750,3.8265,2
"2019","05072170270000",1044,3996,3.8276,2
"2019","20113180010000",840,3216,3.8286,2
"2019","14283130260000",1728,6630,3.8368,2
"2019","16322130240000",483,1854,3.8385,2
"2019","17283130040000",520,2000,3.8462,2
"2019","01302000030000",1065,4097,3.8469,2
"2019","14324080550000",1008,3883,3.8522,2
"2019","17333160280000",1200,4628,3.8567,2
"2019","16081180030000",667,2577,3.8636,2
"2019","14182150170000",1274,4935,3.8736,2
"2019","02224100080000",780,3024,3.8769,2
"2019","28303070150000",638,2475,3.8793,2
"2019","17173010330000",713,2766,3.8794,2
"2019","11192180030000",696,2703,3.8836,2
"2019","10104240070000",474,1841,3.884,2
"2019","11182000090000",874,3397,3.8867,2
"2019","09202230120000",400,1556,3.89,2
"2019","16114130320000",1242,4833,3.8913,2
"2019","05303130100000",400,1558,3.895,2
"2019","14332070290000",862,3358,3.8956,2
"2019","03302320100000",741,2890,3.9001,2
"2019","13173020290000",432,1692,3.9167,2
"2019","14314290030000",618,2421,3.9175,2
"2019","16114130360000",880,3448,3.9182,2
"2019","31313010100000",1405,5515,3.9253,2
"2019","32061040400000",440,1728,3.9273,2
"2019","14084170300000",726,2865,3.9463,2
"2019","25313120010000",672,2652,3.9464,2
"2019","11184050110000",897,3543,3.9498,2
"2019","12244200010000",500,1975,3.95,2
"2019","13291170370000",461,1821,3.9501,2
"2019","05292030010000",1296,5120,3.9506,2
"2019","24144150940000",560,2217,3.9589,2
"2019","25024150010000",601,2386,3.97,2
"2019","32061100140000",444,1764,3.973,2
"2019","11184050130000",2125,8454,3.9784,2
"2019","10123070080000",523,2082,3.9809,2
"2019","16063250130000",980,3913,3.9929,2
"2019","16263180390000",840,3360,4.0,2
"2019","13254090240000",836,3348,4.0048,2
"2019","13364100010000",555,2224,4.0072,2
"2019","20173080490000",543,2180,4.0147,2
"2019","03323240190000",641,2574,4.0156,2
"2019","14313250250000",624,2510,4.0224,2
"2019","14322140240000",760,3060,4.0263,2
"2019","13201100290000",500,2014,4.028,2
"2019","09173090210000",563,2271,4.0337,2
"2019","17044060070000",912,3687,4.0428,2
"2019","12282150140000",633,2560,4.0442,2
"2019","20111150200000",825,3348,4.0582,2
"2019","16064080070000",798,3239,4.0589,2
"2019","29293150140000",528,2146,4.0644,2
"2019","04364000170000",869,3538,4.0713,2
"2019","17062150320000",750,3064,4.0853,2
"2019","32044010060000",400,1635,4.0875,2
"2019","11192090040000",960,3932,4.0958,2
"2019","12243190150000",525,2152,4.099,2
"2019","13213010370000",561,2302,4.1034,2
"2019","11191040040000",719,2957,4.1127,2
"2019","12244150070000",420,1729,4.1167,2
"2019","20023010400000",748,3080,4.1176,2
"2019","09264010090000",721,2973,4.1234,2
"2019","32322050240000",400,1656,4.14,2
"2019","25212290370000",484,2004,4.1405,2
"2019","14322180110000",792,3285,4.1477,2
"2019","16201180130000",647,2684,4.1484,2
"2019","05171230230000",969,4032,4.161,2
"2019","11184170030000",1176,4897,4.1641,2
"2019","29034120190000",628,2630,4.1879,2
"2019","15013080460000",939,3940,4.196,2
"2019","13191310100000",480,2016,4.2,2
"2019","05343110340000",574,2416,4.2091,2
"2019","25041220470000",400,1686,4.215,2
"2019","15354170070000",1009,4256,4.218,2
"2019","15111330280000",420,1774,4.2238,2
"2019","01041000180000",1976,8371,4.2363,2
"2019","27194000010000",586,2492,4.2526,2
"2019","25281250090000",600,2555,4.2583,2
"2019","01183020120000",666,2838,4.2613,2
"2019","05344250200000",400,1710,4.275,2
"2019","05171070180000",500,2138,4.276,2
"2019","15353200170000",621,2656,4.277,2
"2019","15353200160000",621,2656,4.277,2
"2019","01034000360000",2112,9045,4.2827,2
"2019","01342020340000",832,3568,4.2885,2
"2019","11192190060000",742,3185,4.2925,2
"2019","23321020100000",854,3667,4.2939,2
"2019","11184160100000",1202,5172,4.3028,2
"2019","01033010090000",782,3368,4.3069,2
"2019","25064150020000",704,3033,4.3082,2
"2019","10132250230000",1248,5386,4.3157,2
"2019","13084250590000",400,1728,4.32,2
"2019","20112040090000",1000,4324,4.324,2
"2019","16071030060000",947,4134,4.3654,2
"2019","20101110160000",1021,4468,4.3761,2
"2019","14174090210000",956,4185,4.3776,2
"2019","11072070140000",1048,4592,4.3817,2
"2019","16044160320000",450,1976,4.3911,2
"2019","16032070170000",720,3165,4.3958,2
"2019","26312090370000",555,2441,4.3982,2
"2019","17042090210000",800,3520,4.4,2
"2019","25301090090000",496,2184,4.4032,2
"2019","29173050320000",792,3500,4.4192,2
"2019","16251210070000",680,3012,4.4294,2
"2019","01222010130000",546,2441,4.4707,2
"2019","33054000490000",554,2477,4.4711,2
"2019","14334060130000",495,2215,4.4747,2
"2019","11191030220000",600,2688,4.48,2
"2019","04094000060000",938,4207,4.4851,2
"2019","17071160310000",500,2246,4.492,2
"2019","17341060400000",939,4221,4.4952,2
"2019","32342020180000",400,1800,4.5,2
"2019","15114020110000",812,3656,4.5025,2
"2019","23263150090000",680,3064,4.5059,2
"2019","16072090140000",869,3933,4.5259,2
"2019","01044000020000",894,4050,4.5302,2
"2019","16032000060000",578,2627,4.545,2
"2019","14322130410000",485,2206,4.5485,2
"2019","20243120140000",600,2740,4.5667,2
"2019","32122000170000",530,2423,4.5717,2
"2019","14174100260000",1342,6157,4.5879,2
"2019","29131000580000",1396,6451,4.6211,2
"2019","12242260320000",420,1943,4.6262,2
"2019","14294270360000",675,3133,4.6415,2
"2019","20142070390000",1520,7056,4.6421,2
"2019","11181210020000",840,3901,4.644,2
"2019","05083040130000",741,3452,4.6586,2
"2019","14324090210000",553,2585,4.6745,2
"2019","05211170180000",836,3910,4.677,2
"2019","16064210080000",750,3510,4.68,2
"2019","13352080290000",1066,4996,4.6867,2
"2019","19114040260000",480,2250,4.6875,2
"2019","20113190010000",700,3282,4.6886,2
"2019","14331230260000",575,2700,4.6957,2
"2019","11191120160000",408,1921,4.7083,2
"2019","13193070210000",516,2431,4.7112,2
"2019","11184150010000",1094,5169,4.7249,2
"2019","05064040760000",1724,8151,4.728,2
"2019","15033310080000",400,1892,4.73,2
"2019","16071080350000",666,3154,4.7357,2
"2019","11191140080000",1197,5677,4.7427,2
"2019","14331020140000",630,2988,4.7429,2
"2019","14182100160000",720,3417,4.7458,2
"2019","05213210180000",1237,5875,4.7494,2
"2019","20103030220000",600,2852,4.7533,2
"2019","17322070040000",576,2738,4.7535,2
"2019","20111140250000",1268,6044,4.7666,2
"2019","05354000120000",840,4016,4.781,2
"2019","20111110160000",2677,12856,4.8024,2
"2019","11183260020000",1542,7439,4.8243,2
"2019","03203001090000",437,2112,4.833,2
"2019","05354030080000",1072,5189,4.8405,2
"2019","14074220390000",610,2962,4.8557,2
"2019","15013110180000",1436,6989,4.867,2
"2019","19144240040000",405,1974,4.8741,2
"2019","05062000020000",1688,8254,4.8898,2
"2019","20111110230000",900,4412,4.9022,2
"2019","31122100320000",832,4090,4.9159,2
"2019","05334220140000",600,2956,4.9267,2
"2019","14334030070000",902,4446,4.929,2
"2019","12292040340000",522,2578,4.9387,2
"2019","20111080040000",1260,6229,4.9437,2
"2019","20024000300000",526,2604,4.9506,2
"2019","20243130190000",772,3830,4.9611,2
"2019","16071140150000",600,2977,4.9617,2
"2019","14283130510000",989,4908,4.9626,2
"2019","11184190290000",610,3031,4.9689,2
"2019","10242230210000",624,3103,4.9728,2
"2019","05081010450000",1387,6934,4.9993,2
"2019","15363030380000",920,4611,5.012,2
"2019","18311030020000",440,2206,5.0136,2
"2019","05282060080000",1159,5824,5.025,2
"2019","17193110040000",567,2860,5.0441,2
"2019","25191120280000",621,3143,5.0612,2
"2019","16072080040000",660,3341,5.0621,2
"2019","25064030140000",693,3528,5.0909,2
"2019","05292020170000",1491,7594,5.0932,2
"2019","18281030230000",735,3744,5.0939,2
"2019","11192120040000",954,4868,5.1027,2
"2019","05184010150000",775,3956,5.1045,2
"2019","11184160110000",955,4876,5.1058,2
"2019","14331240300000",669,3416,5.1061,2
"2019","14294250130000",560,2862,5.1107,2
"2019","01093010020000",1654,8454,5.1112,2
"2019","11184050200000",1120,5742,5.1268,2
"2019","15361040430000",1200,6167,5.1392,2
"2019","13364120560000",441,2272,5.1519,2
"2019","05274080040000",753,3888,5.1633,2
"2019","13321110260000",484,2500,5.1653,2
"2019","05072040160000",1206,6244,5.1774,2
"2019","01024030070000",1175,6115,5.2043,2
"2019","05293020320000",728,3792,5.2088,2
"2019","05281060290000",1089,5709,5.2424,2
"2019","11184160030000",714,3751,5.2535,2
"2019","05341080120000",588,3090,5.2551,2
"2019","01104010140000",863,4545,5.2665,2
"2019","16083110070000",548,2890,5.2737,2
"2019","11072050040000",650,3432,5.28,2
"2019","25184020290000",500,2640,5.28,2
"2019","05294070580000",432,2288,5.2963,2
"2019","15132060210000",583,3092,5.3036,2
"2019","14213130300000",870,4625,5.3161,2
"2019","11304140190000",625,3327,5.3232,2
"2019","05344110030000",588,3136,5.3333,2
"2019","20113050120000",777,4144,5.3333,2
"2019","04363100030000",504,2705,5.3671,2
"2019","05354080030000",456,2457,5.3882,2
"2019","01011260760000",816,4405,5.3983,2
"2019","13064030300000",522,2818,5.3985,2
"2019","28122120200000",463,2510,5.4212,2
"2019","15112070430000",927,5036,5.4326,2
"2019","20023080380000",681,3700,5.4332,2
"2019","20142000090000",933,5073,5.4373,2
"2019","11193120630000",819,4466,5.453,2
"2019","10123060070000",406,2217,5.4606,2
"2019","05161010240000",775,4235,5.4645,2
"2019","18313030100000",700,3836,5.48,2
"2019","05273000680000",1180,6488,5.4983,2
"2019","11181100270000",624,3432,5.5,2
"2019","05204130130000",612,3392,5.5425,2
"2019","05174120590000",712,3948,5.5449,2
"2019","11184180190000",622,3456,5.5563,2
"2019","25064020280000",706,3931,5.568,2
"2019","14174110110000",800,4465,5.5813,2
"2019","11191060110000",1343,7503,5.5867,2
"2019","04073010280000",1068,5974,5.5936,2
"2019","16071030180000",996,5622,5.6446,2
"2019","11192100080000",1240,7012,5.6548,2
"2019","05083010030000",745,4225,5.6711,2
"2019","20111070090000",1535,8709,5.6736,2
"2019","01112010210000",1386,7870,5.6782,2
"2019","05271080040000",652,3712,5.6933,2
"2019","18183000100000",680,3873,5.6956,2
"2019","12232310090000",448,2553,5.6987,2
"2019","11192120060000",1485,8480,5.7104,2
"2019","19104030120000",700,4000,5.7143,2
"2019","05173070450000",1098,6325,5.7605,2
"2019","20112010100000",816,4714,5.777,2
"2019","26314180170000",400,2312,5.78,2
"2019","14333090240000",493,2850,5.7809,2
"2019","20111070260000",846,4893,5.7837,2
"2019","04241010770000",729,4235,5.8093,2
"2019","05274090100000",400,2325,5.8125,2
"2019","14321040220000",602,3500,5.814,2
"2019","20113120090000",633,3682,5.8167,2
"2019","20111060020000",1600,9322,5.8263,2
"2019","20101070190000",898,5245,5.8408,2
"2019","20111080330000",1020,5974,5.8569,2
"2019","05291000930000",891,5249,5.8911,2
"2019","14334200320000",400,2360,5.9,2
"2019","05291010290000",671,3968,5.9136,2
"2019","11192090030000",761,4516,5.9343,2
"2019","11184010100000",1373,8174,5.9534,2
"2019","14332070040000",660,3940,5.9697,2
"2019","11191000070000",1449,8660,5.9765,2
"2019","14331230250000",391,2340,5.9847,2
"2019","17042240280000",563,3378,6.0,2
"2019","18022010360000",616,3697,6.0016,2
"2019","18073030150000",876,5262,6.0068,2
"2019","11192190170000",1050,6309,6.0086,2
"2019","05064030280000",850,5109,6.0106,2
"2019","17171100120000",822,4950,6.0219,2
"2019","17171100130000",822,4950,6.0219,2
"2019","15013220060000",1022,6173,6.0401,2
"2019","01054020050000",731,4432,6.0629,2
"2019","14281050350000",792,4810,6.0732,2
"2019","20111070270000",1230,7473,6.0756,2
"2019","11192170120000",549,3344,6.0911,2
"2019","17042110230000",1075,6560,6.1023,2
"2019","28091040070000",1257,7677,6.1074,2
"2019","16064140210000",764,4668,6.1099,2
"2019","16071030070000",800,4914,6.1425,2
"2019","05354070200000",598,3678,6.1505,2
"2019","14293040300000",420,2594,6.1762,2
"2019","04202010060000",668,4138,6.1946,2
"2019","01033010210000",911,5648,6.1998,2
"2019","14321240040000",484,3001,6.2004,2
"2019","28094010310000",891,5529,6.2054,2
"2019","01011100120000",625,3890,6.224,2
"2019","20112070010000",1168,7270,6.2243,2
"2019","25201050170000",576,3600,6.25,2
"2019","17223150060000",802,5020,6.2594,2
"2019","11184190150000",462,2893,6.2619,2
"2019","05072090160000",835,5246,6.2826,2
"2019","11071100480000",480,3028,6.3083,2
"2019","11184170020000",1176,7432,6.3197,2
"2019","17031030110000",988,6248,6.3239,2
"2019","10134240180000",637,4029,6.325,2
"2019","10132190230000",467,2964,6.3469,2
"2019","20111030140000",1387,8827,6.3641,2
"2019","10132250160000",961,6136,6.385,2
"2019","01253000070000",1784,11421,6.4019,2
"2019","20111150210000",782,5012,6.4092,2
"2019","17031130190000",696,4482,6.4397,2
"2019","20112030060000",1208,7795,6.4528,2
"2019","16064140080000",680,4390,6.4559,2
"2019","11184170110000",672,4345,6.4658,2
"2019","11193030240000",429,2802,6.5315,2
"2019","17203230100000",961,6340,6.5973,2
"2019","16072090030000",493,3274,6.641,2
"2019","16072080070000",610,4065,6.6639,2
"2019","11071100500000",480,3200,6.6667,2
"2019","16074070090000",564,3768,6.6809,2
"2019","05081040120000",1870,12494,6.6813,2
"2019","26062230130000",520,3492,6.7154,2
"2019","11071100370000",480,3224,6.7167,2
"2019","11071100390000",480,3224,6.7167,2
"2019","11071100410000",480,3224,6.7167,2
"2019","20112070110000",938,6321,6.7388,2
"2019","11071100520000",480,3251,6.7729,2
"2019","05174150240000",682,4636,6.7977,2
"2019","05351090040000",920,6261,6.8054,2
"2019","11192180100000",1000,6808,6.808,2
"2019","11192020150000",605,4125,6.8182,2
"2019","16064140140000",976,6656,6.8197,2
"2019","14202220050000",805,5493,6.8236,2
"2019","20112030400000",1302,8889,6.8272,2
"2019","16061130140000",462,3172,6.8658,2
"2019","14174100240000",790,5428,6.8709,2
"2019","04012000110000",1260,8658,6.8714,2
"2019","11071100490000",480,3299,6.8729,2
"2019","14213100420000",650,4481,6.8938,2
"2019","15121000060000",759,5238,6.9012,2
"2019","11071100360000",480,3317,6.9104,2
"2019","16251060310000",520,3599,6.9212,2
"2019","18084000210000",728,5100,7.0055,2
"2019","20071200330000",431,3025,7.0186,2
"2019","11192160080000",1218,8581,7.0452,2
"2019","15012170160000",453,3204,7.0728,2
"2019","14333310270000",576,4077,7.0781,2
"2019","16261150210000",461,3270,7.0933,2
"2019","14281120040000",517,3669,7.0967,2
"2019","16064150090000",722,5137,7.115,2
"2019","11071100380000",480,3432,7.15,2
"2019","17042150640000",1028,7364,7.1634,2
"2019","17032010510000",840,6019,7.1655,2
"2019","14333080350000",592,4248,7.1757,2
"2019","25064150050000",503,3637,7.2306,2
"2019","05072090170000",891,6475,7.2671,2
"2019","28022270450000",440,3200,7.2727,2
"2019","25071140280000",418,3061,7.323,2
"2019","20112070240000",749,5494,7.3351,2
"2019","11071100540000",480,3537,7.3688,2
"2019","04363110350000",932,6883,7.3852,2
"2019","05274040060000",646,4774,7.3901,2
"2019","20111030190000",500,3700,7.4,2
"2019","05282140150000",704,5210,7.4006,2
"2019","18044190250000",400,2962,7.405,2
"2019","01044020170000",1104,8269,7.49,2
"2019","11071100420000",480,3604,7.5083,2
"2019","11184210180000",823,6181,7.5103,2
"2019","05342220100000",416,3126,7.5144,2
"2019","11184210040000",882,6635,7.5227,2
"2019","26053240170000",429,3252,7.5804,2
"2019","02083070010000",871,6663,7.6498,2
"2019","15013200200000",573,4398,7.6754,2
"2019","05354010270000",792,6083,7.6806,2
"2019","13214010520000",500,3844,7.688,2
"2019","01263040130000",1044,8046,7.7069,2
"2019","01032000590000",694,5349,7.7075,2
"2019","05292030030000",837,6467,7.7264,2
"2019","11071170440000",510,3964,7.7725,2
"2019","11071170430000",510,3964,7.7725,2
"2019","11071170420000",510,3964,7.7725,2
"2019","01052000110000",592,4698,7.9358,2
"2019","11192100060000",780,6203,7.9526,2
"2019","05351050130000",769,6150,7.9974,2
"2019","14331230380000",710,5695,8.0211,2
"2019","11183130030000",718,5771,8.0376,2
"2019","05292040210000",748,6043,8.0789,2
"2019","11192120100000",682,5563,8.1569,2
"2019","16064210030000",528,4339,8.2178,2
"2019","05064020070000",591,4876,8.2504,2
"2019","16064190200000",558,4627,8.2921,2
"2019","20142010180000",400,3339,8.3475,2
"2019","17042240240000",401,3363,8.3865,2
"2019","14213060250000",992,8384,8.4516,2
"2019","14052050280000",440,3721,8.4568,2
"2019","20111120170000",924,7824,8.4675,2
"2019","11191130240000",850,7226,8.5012,2
"2019","01021000080000",833,7160,8.5954,2
"2019","11184210330000",860,7413,8.6198,2
"2019","16064130340000",618,5362,8.6764,2
"2019","11192020240000",1005,8732,8.6886,2
"2019","15011090200000",640,5572,8.7063,2
"2019","02204050030000",726,6335,8.7259,2
"2019","11184200160000",840,7330,8.7262,2
"2019","11184210200000",761,6661,8.753,2
"2019","16064210090000",662,5814,8.7825,2
"2019","11194050160000",556,4892,8.7986,2
"2019","05354000560000",821,7252,8.8331,2
"2019","14282030060000",632,5594,8.8513,2
"2019","20111120150000",648,5761,8.8904,2
"2019","05354010030000",600,5336,8.8933,2
"2019","17042090180000",750,6741,8.988,2
"2019","14333021000000",473,4254,8.9937,2
"2019","11192250190000",888,8031,9.0439,2
"2019","11184180130000",702,6446,9.1823,2
"2019","11192180020000",532,4890,9.1917,2
"2019","20111120180000",981,9024,9.1988,2
"2019","01044010130000",720,6660,9.25,2
"2019","11192190010000",713,6627,9.2945,2
"2019","16072010110000",400,3722,9.305,2
"2019","05204000860000",1000,9324,9.324,2
"2019","11192020200000",680,6405,9.4191,2
"2019","14281050390000",480,4552,9.4833,2
"2019","14283100230000",826,7837,9.4879,2
"2019","11192090060000",864,8360,9.6759,2
"2019","22343000250000",455,4404,9.6791,2
"2019","05271130230000",616,5984,9.7143,2
"2019","01043020230000",910,8867,9.744,2
"2019","05271100120000",428,4197,9.8061,2
"2019","20111000470000",842,8268,9.8195,2
"2019","14282020110000",1017,10053,9.885,2
"2019","16073130010000",572,5667,9.9073,2
"2019","11192250310000",437,4350,9.9542,2
"2019","20112040230000",400,3986,9.965,2
"2019","11192120110000",635,6363,10.0205,2
"2019","05051000020000",1025,10327,10.0751,2
"2019","05352000130000",768,7815,10.1758,2
"2019","05211260020000",792,8097,10.2235,2
"2019","31124020170000",527,5393,10.2334,2
"2019","20111110120000",790,8115,10.2722,2
"2019","05282130090000",874,9056,10.3616,2
"2019","11191000360000",500,5198,10.396,2
"2019","05282140010000",550,5729,10.4164,2
"2019","16064100080000",554,5840,10.5415,2
"2019","19142230330000",504,5320,10.5556,2
"2019","17031020250000",540,5724,10.6,2
"2019","16062290260000",400,4240,10.6,2
"2019","11192250010000",418,4440,10.622,2
"2019","11192120120000",756,8040,10.6349,2
"2019","05354040140000",652,6934,10.635,2
"2019","32344030250000",403,4302,10.6749,2
"2019","16081210570000",480,5181,10.7938,2
"2019","05274040050000",795,8605,10.8239,2
"2019","20112070150000",500,5439,10.878,2
"2019","01031000260000",1242,13654,10.9936,2
"2019","11192100070000",468,5146,10.9957,2
"2019","18313000120000",706,7836,11.0992,2
"2019","14331230280000",600,6762,11.27,2
"2019","05213210550000",1086,12261,11.2901,2
"2019","11192110140000",654,7441,11.3777,2
"2019","05274080120000",526,6066,11.5323,2
"2019","14282020080000",770,8884,11.5377,2
"2019","11192120090000",437,5050,11.5561,2
"2019","11184050020000",482,5574,11.5643,2
"2019","01021000200000",729,8469,11.6173,2
"2019","20112070020000",628,7309,11.6385,2
"2019","20112030010000",720,8386,11.6472,2
"2019","05211000140000",400,4662,11.655,2
"2019","11192160170000",500,5854,11.708,2
"2019","10134040110000",476,5583,11.729,2
"2019","20111110130000",720,8448,11.7333,2
"2019","11184200150000",588,6982,11.8741,2
"2019","01031010330000",912,11077,12.1458,2
"2019","27112020060000",895,11199,12.5128,2
"2019","11184200140000",538,6872,12.7732,2
"2019","05282190140000",401,5176,12.9077,2
"2019","23272030270000",597,7745,12.9732,2
"2019","14282030090000",919,12184,13.2579,2
"2019","18071110180000",844,12076,14.3081,2
"2019","05291020240000",392,5609,14.3087,2
"2019","11192170260000",800,11482,14.3525,2
"2019","11184050010000",461,6721,14.5792,2
"2019","14174110020000",505,7374,14.602,2
"2019","27112130100000",507,8073,15.9231,2
"2019","20111080120000",576,9197,15.967,2
"2019","05211040020000",816,14280,17.5,2
"2019","04142000060000",624,13703,21.9599,2
"2019","01131010080000",716,24884,34.7542,2
